age,gender,occupation,sleep_hours,sleep_quality,social_media_hours,academic_work_pressure,physical_activity_days,stress_level,anxiety_score,depression_score,work_life_balance,mood_score,concentration_level,social_support,mental_health_condition,severity,treatment
15,Female,Student,6.7,8.0,1.0,3.0,4.0,1.0,2.0,1.0,7.0,8.0,6.0,8.0,Normal,Mild,No treatment needed; maintain healthy lifestyle and regular exercise
15,Female,Working Professional,7.8,7.0,1.5,4.0,5.0,3.0,2.0,4.0,8.0,10.0,8.0,6.0,Normal,Mild,No treatment needed; maintain healthy lifestyle and regular exercise
15,Female,Student,7.0,3.0,4.0,6.0,3.0,3.0,10.0,6.0,4.0,4.0,5.0,5.0,Anxiety,Moderate,"Cognitive Behavioral Therapy (CBT), mindfulness, reduce caffeine, sleep hygiene"
15,Female,Both (Part-time work + Study),7.3,2.0,4.6,6.0,2.0,4.0,7.0,8.0,1.0,5.0,4.0,5.0,Anxiety,Moderate,"Cognitive Behavioral Therapy (CBT), mindfulness, reduce caffeine, sleep hygiene"
15,Female,Student,5.0,6.0,4.3,7.0,1.0,7.0,5.0,5.0,1.0,4.0,2.0,6.0,Anxiety,Moderate,"Cognitive Behavioral Therapy (CBT), mindfulness, reduce caffeine, sleep hygiene"
15,Female,Both (Part-time work + Study),3.6,5.0,4.4,,1.0,10.0,6.0,7.0,2.0,6.0,1.0,,Burnout,Moderate,"Rest, work-life balance improvement, therapy, reduce workload, meditation"
15,Female,Student,4.3,3.0,3.0,8.0,0.0,8.0,6.0,7.0,2.0,1.0,4.0,2.0,Burnout,Moderate,"Rest, work-life balance improvement, therapy, reduce workload, meditation"
15,Female,Both (Part-time work + Study),5.7,5.0,2.6,8.0,,9.0,3.0,5.0,1.0,4.0,6.0,3.0,Burnout,Moderate,"Rest, work-life balance improvement, therapy, reduce workload, meditation"
15,Male,Both (Part-time work + Study),6.1,7.0,1.0,4.0,2.0,,4.0,1.0,8.0,6.0,7.0,8.0,Normal,Mild,No treatment needed; maintain healthy lifestyle and regular exercise
15,Male,Working Professional,7.8,7.0,1.7,3.0,6.0,2.0,1.0,3.0,6.0,8.0,6.0,6.0,Normal,Mild,No treatment needed; maintain healthy lifestyle and regular exercise
15,Male,Student,7.6,6.0,2.5,2.0,6.0,1.0,1.0,3.0,6.0,8.0,9.0,6.0,Normal,Mild,No treatment needed; maintain healthy lifestyle and regular exercise
15,Male,Both (Part-time work + Study),8.0,6.0,1.5,5.0,4.0,1.0,1.0,3.0,7.0,8.0,8.0,7.0,Normal,Mild,No treatment needed; maintain healthy lifestyle and regular exercise
15,Male,Working Professional,8.4,8.0,2.6,,3.0,1.0,2.0,1.0,8.0,7.0,7.0,7.0,Normal,Mild,No treatment needed; maintain healthy lifestyle and regular exercise
15,Male,Working Professional,6.6,5.0,1.7,5.0,6.0,3.0,4.0,1.0,6.0,7.0,8.0,7.0,Normal,Mild,No treatment needed; maintain healthy lifestyle and regular exercise
15,Male,Both (Part-time work + Study),7.4,6.0,2.7,4.0,2.0,2.0,1.0,1.0,8.0,7.0,8.0,7.0,Normal,Mild,No treatment needed; maintain healthy lifestyle and regular exercise
15,Male,Student,7.9,7.0,2.6,2.0,1.0,1.0,2.0,2.0,7.0,8.0,6.0,7.0,Normal,Mild,No treatment needed; maintain healthy lifestyle and regular exercise
15,Male,Both (Part-time work + Study),8.4,7.0,2.3,3.0,4.0,3.0,1.0,3.0,7.0,6.0,7.0,9.0,Normal,Mild,No treatment needed; maintain healthy lifestyle and regular exercise
15,Male,Both (Part-time work + Study),4.5,4.0,6.3,7.0,2.0,8.0,,,3.0,5.0,4.0,1.0,Anxiety,Moderate,"Cognitive Behavioral Therapy (CBT), mindfulness, reduce caffeine, sleep hygiene"
15,Male,Working Professional,6.2,6.0,4.3,6.0,2.0,6.0,6.0,8.0,3.0,4.0,4.0,6.0,Anxiety,Moderate,"Cognitive Behavioral Therapy (CBT), mindfulness, reduce caffeine, sleep hygiene"
15,Male,Both (Part-time work + Study),7.0,5.0,4.4,7.0,0.0,7.0,5.0,2.0,1.0,6.0,4.0,7.0,Anxiety,Mild,"Cognitive Behavioral Therapy (CBT), mindfulness, reduce caffeine, sleep hygiene"
15,Male,Working Professional,6.5,3.0,5.8,7.0,1.0,7.0,,4.0,2.0,2.0,5.0,2.0,Anxiety,Moderate,"Cognitive Behavioral Therapy (CBT), mindfulness, reduce caffeine, sleep hygiene"
15,Male,Student,3.0,4.0,5.8,8.0,1.0,6.0,8.0,2.0,3.0,5.0,5.0,4.0,Anxiety,Moderate,"Cognitive Behavioral Therapy (CBT), mindfulness, reduce caffeine, sleep hygiene"
15,Male,Both (Part-time work + Study),7.5,7.0,6.1,9.0,0.0,6.0,5.0,6.0,2.0,6.0,7.0,6.0,Anxiety,Moderate,"Cognitive Behavioral Therapy (CBT), mindfulness, reduce caffeine, sleep hygiene"
15,Male,Both (Part-time work + Study),5.7,6.0,5.0,10.0,0.0,8.0,6.0,6.0,4.0,,5.0,2.0,Anxiety,Moderate,"Cognitive Behavioral Therapy (CBT), mindfulness, reduce caffeine, sleep hygiene"
15,Male,Working Professional,10.8,5.0,6.1,6.0,2.0,,6.0,7.0,4.0,3.0,4.0,1.0,Depression,Moderate,"Psychotherapy, antidepressants (SSRIs), regular exercise, social engagement"
15,Male,Both (Part-time work + Study),,1.0,5.1,5.0,1.0,7.0,2.0,6.0,3.0,2.0,3.0,2.0,Depression,Mild,"Psychotherapy, antidepressants (SSRIs), regular exercise, social engagement"
15,Male,Both (Part-time work + Study),,3.0,,6.0,1.0,,4.0,7.0,4.0,5.0,2.0,4.0,Depression,Mild,"Psychotherapy, antidepressants (SSRIs), regular exercise, social engagement"
15,Male,Both (Part-time work + Study),6.6,5.0,1.4,8.0,2.0,10.0,8.0,6.0,2.0,2.0,4.0,2.0,Burnout,Severe,"Rest, work-life balance improvement, therapy, reduce workload, meditation"
15,Male,Working Professional,5.4,3.0,5.5,7.0,0.0,7.0,5.0,5.0,2.0,1.0,3.0,3.0,Burnout,Moderate,"Rest, work-life balance improvement, therapy, reduce workload, meditation"
15,Non-binary,Student,8.4,8.0,2.8,2.0,6.0,,2.0,,7.0,7.0,8.0,7.0,Normal,Mild,No treatment needed; maintain healthy lifestyle and regular exercise
15,Non-binary,Student,7.0,8.0,1.1,3.0,5.0,2.0,3.0,1.0,8.0,9.0,5.0,7.0,Normal,Mild,No treatment needed; maintain healthy lifestyle and regular exercise
15,Non-binary,Both (Part-time work + Study),7.0,8.0,2.5,2.0,4.0,1.0,1.0,1.0,7.0,6.0,7.0,9.0,Normal,Mild,No treatment needed; maintain healthy lifestyle and regular exercise
15,Non-binary,Working Professional,6.6,9.0,2.0,5.0,4.0,3.0,3.0,,8.0,7.0,7.0,7.0,Normal,Mild,No treatment needed; maintain healthy lifestyle and regular exercise
15,Non-binary,Working Professional,7.1,5.0,0.4,5.0,5.0,3.0,1.0,1.0,7.0,6.0,9.0,8.0,Normal,Mild,No treatment needed; maintain healthy lifestyle and regular exercise
15,Non-binary,Working Professional,7.9,7.0,0.4,,,1.0,2.0,3.0,6.0,8.0,8.0,8.0,Normal,Mild,No treatment needed; maintain healthy lifestyle and regular exercise
15,Non-binary,Working Professional,4.7,4.0,2.8,5.0,0.0,7.0,7.0,,4.0,4.0,4.0,7.0,Anxiety,Mild,"Cognitive Behavioral Therapy (CBT), mindfulness, reduce caffeine, sleep hygiene"
15,Non-binary,Working Professional,,5.0,5.8,6.0,1.0,7.0,7.0,1.0,3.0,3.0,5.0,9.0,Anxiety,Mild,"Cognitive Behavioral Therapy (CBT), mindfulness, reduce caffeine, sleep hygiene"
15,Non-binary,Both (Part-time work + Study),6.2,4.0,3.2,6.0,1.0,6.0,3.0,6.0,5.0,5.0,3.0,4.0,Anxiety,Mild,"Cognitive Behavioral Therapy (CBT), mindfulness, reduce caffeine, sleep hygiene"
15,Non-binary,Working Professional,4.2,4.0,4.5,5.0,0.0,6.0,7.0,5.0,3.0,4.0,3.0,4.0,Anxiety,Mild,"Cognitive Behavioral Therapy (CBT), mindfulness, reduce caffeine, sleep hygiene"
15,Non-binary,Working Professional,6.4,3.0,3.9,4.0,1.0,8.0,7.0,,4.0,3.0,4.0,3.0,Anxiety,Moderate,"Cognitive Behavioral Therapy (CBT), mindfulness, reduce caffeine, sleep hygiene"
15,Non-binary,Both (Part-time work + Study),7.2,2.0,4.0,,1.0,6.0,5.0,9.0,3.0,3.0,3.0,1.0,Depression,Mild,"Psychotherapy, antidepressants (SSRIs), regular exercise, social engagement"
15,Non-binary,Student,5.9,5.0,6.8,5.0,0.0,5.0,4.0,5.0,1.0,3.0,6.0,2.0,Depression,Mild,"Psychotherapy, antidepressants (SSRIs), regular exercise, social engagement"
15,Non-binary,Working Professional,4.9,4.0,5.2,9.0,0.0,8.0,5.0,,2.0,1.0,2.0,2.0,Burnout,Moderate,"Rest, work-life balance improvement, therapy, reduce workload, meditation"
16,Female,Both (Part-time work + Study),7.9,7.0,2.7,4.0,3.0,1.0,1.0,1.0,8.0,8.0,6.0,8.0,Normal,Mild,No treatment needed; maintain healthy lifestyle and regular exercise
16,Female,Both (Part-time work + Study),8.9,8.0,3.3,5.0,2.0,2.0,2.0,1.0,8.0,7.0,7.0,8.0,Normal,Mild,No treatment needed; maintain healthy lifestyle and regular exercise
16,Female,Both (Part-time work + Study),,7.0,2.2,6.0,2.0,4.0,1.0,1.0,8.0,6.0,8.0,8.0,Normal,Mild,No treatment needed; maintain healthy lifestyle and regular exercise
16,Female,Both (Part-time work + Study),8.1,8.0,1.4,2.0,5.0,3.0,1.0,4.0,6.0,6.0,7.0,7.0,Normal,Mild,No treatment needed; maintain healthy lifestyle and regular exercise
16,Female,Both (Part-time work + Study),5.5,4.0,5.3,6.0,1.0,8.0,6.0,2.0,6.0,7.0,3.0,6.0,Anxiety,Mild,"Cognitive Behavioral Therapy (CBT), mindfulness, reduce caffeine, sleep hygiene"
16,Male,Student,8.0,6.0,1.4,6.0,3.0,3.0,3.0,2.0,8.0,8.0,10.0,7.0,Normal,Mild,No treatment needed; maintain healthy lifestyle and regular exercise
16,Male,Working Professional,6.7,4.0,6.0,5.0,0.0,8.0,7.0,3.0,2.0,,3.0,7.0,Anxiety,Mild,"Cognitive Behavioral Therapy (CBT), mindfulness, reduce caffeine, sleep hygiene"
16,Male,Both (Part-time work + Study),3.9,1.0,3.6,8.0,,9.0,5.0,6.0,1.0,5.0,2.0,3.0,Burnout,Moderate,"Rest, work-life balance improvement, therapy, reduce workload, meditation"
16,Male,Student,6.6,7.0,4.1,8.0,3.0,7.0,7.0,7.0,3.0,3.0,2.0,2.0,Burnout,Moderate,"Rest, work-life balance improvement, therapy, reduce workload, meditation"
16,Non-binary,Both (Part-time work + Study),6.3,3.0,6.0,7.0,0.0,5.0,8.0,3.0,3.0,5.0,6.0,4.0,Anxiety,Mild,"Cognitive Behavioral Therapy (CBT), mindfulness, reduce caffeine, sleep hygiene"
17,Female,Both (Part-time work + Study),7.9,6.0,3.8,5.0,3.0,1.0,4.0,1.0,9.0,6.0,7.0,8.0,Normal,Mild,No treatment needed; maintain healthy lifestyle and regular exercise
17,Female,Student,6.3,4.0,5.9,6.0,1.0,7.0,5.0,6.0,3.0,4.0,3.0,1.0,Anxiety,Moderate,"Cognitive Behavioral Therapy (CBT), mindfulness, reduce caffeine, sleep hygiene"
17,Female,Working Professional,8.8,2.0,5.4,5.0,0.0,5.0,4.0,7.0,1.0,6.0,5.0,2.0,Depression,Mild,"Psychotherapy, antidepressants (SSRIs), regular exercise, social engagement"
17,Female,Both (Part-time work + Study),9.7,3.0,6.5,4.0,1.0,8.0,5.0,7.0,3.0,2.0,4.0,2.0,Depression,Moderate,"Psychotherapy, antidepressants (SSRIs), regular exercise, social engagement"
17,Female,Working Professional,11.7,,7.2,6.0,0.0,6.0,6.0,7.0,,4.0,5.0,2.0,Depression,Moderate,"Psychotherapy, antidepressants (SSRIs), regular exercise, social engagement"
17,Female,Working Professional,5.5,2.0,4.5,6.0,2.0,,4.0,4.0,3.0,1.0,1.0,1.0,Burnout,Mild,"Rest, work-life balance improvement, therapy, reduce workload, meditation"
17,Female,Working Professional,3.0,1.0,5.3,10.0,0.0,9.0,9.0,9.0,1.0,1.0,,3.0,Burnout,Severe,"Rest, work-life balance improvement, therapy, reduce workload, meditation"
17,Male,Working Professional,6.2,8.0,,1.0,3.0,1.0,4.0,3.0,7.0,9.0,,7.0,Normal,Mild,No treatment needed; maintain healthy lifestyle and regular exercise
17,Male,Both (Part-time work + Study),9.6,8.0,2.2,2.0,5.0,2.0,2.0,5.0,7.0,9.0,7.0,7.0,Normal,Mild,No treatment needed; maintain healthy lifestyle and regular exercise
17,Male,Student,7.4,6.0,2.6,6.0,5.0,2.0,4.0,2.0,7.0,7.0,7.0,7.0,Normal,Mild,No treatment needed; maintain healthy lifestyle and regular exercise
17,Male,Both (Part-time work + Study),5.0,5.0,8.0,10.0,2.0,6.0,7.0,6.0,3.0,7.0,5.0,5.0,Anxiety,Moderate,"Cognitive Behavioral Therapy (CBT), mindfulness, reduce caffeine, sleep hygiene"
17,Male,Both (Part-time work + Study),10.7,4.0,5.5,5.0,,8.0,3.0,6.0,4.0,2.0,5.0,5.0,Depression,Mild,"Psychotherapy, antidepressants (SSRIs), regular exercise, social engagement"
17,Non-binary,Working Professional,7.5,4.0,1.0,,2.0,5.0,1.0,1.0,8.0,9.0,6.0,9.0,Normal,Mild,No treatment needed; maintain healthy lifestyle and regular exercise
17,Non-binary,Student,7.0,6.0,5.9,6.0,,5.0,8.0,7.0,5.0,3.0,5.0,3.0,Anxiety,Moderate,"Cognitive Behavioral Therapy (CBT), mindfulness, reduce caffeine, sleep hygiene"
17,Non-binary,Both (Part-time work + Study),5.2,4.0,6.6,8.0,0.0,8.0,4.0,9.0,3.0,3.0,4.0,4.0,Burnout,Moderate,"Rest, work-life balance improvement, therapy, reduce workload, meditation"
18,Female,Student,7.5,7.0,2.3,3.0,3.0,1.0,1.0,,,7.0,8.0,8.0,Normal,Mild,No treatment needed; maintain healthy lifestyle and regular exercise
18,Female,Student,5.1,2.0,5.3,,1.0,7.0,8.0,2.0,2.0,3.0,3.0,6.0,Anxiety,Moderate,"Cognitive Behavioral Therapy (CBT), mindfulness, reduce caffeine, sleep hygiene"
18,Female,Both (Part-time work + Study),4.8,4.0,4.2,8.0,0.0,7.0,,4.0,2.0,4.0,6.0,5.0,Anxiety,Moderate,"Cognitive Behavioral Therapy (CBT), mindfulness, reduce caffeine, sleep hygiene"
18,Female,Working Professional,,6.0,7.8,6.0,2.0,7.0,,3.0,5.0,4.0,4.0,5.0,Anxiety,Moderate,"Cognitive Behavioral Therapy (CBT), mindfulness, reduce caffeine, sleep hygiene"
18,Female,Working Professional,6.2,5.0,5.4,8.0,2.0,7.0,4.0,3.0,3.0,5.0,3.0,8.0,Anxiety,Mild,"Cognitive Behavioral Therapy (CBT), mindfulness, reduce caffeine, sleep hygiene"
18,Female,Both (Part-time work + Study),9.7,4.0,7.4,4.0,1.0,,6.0,8.0,3.0,3.0,4.0,5.0,Depression,Mild,"Psychotherapy, antidepressants (SSRIs), regular exercise, social engagement"
18,Male,Student,4.8,,4.4,6.0,2.0,4.0,6.0,3.0,3.0,7.0,3.0,6.0,Anxiety,Mild,"Cognitive Behavioral Therapy (CBT), mindfulness, reduce caffeine, sleep hygiene"
18,Male,Student,4.8,5.0,3.2,6.0,,6.0,6.0,4.0,1.0,5.0,7.0,,Anxiety,Mild,"Cognitive Behavioral Therapy (CBT), mindfulness, reduce caffeine, sleep hygiene"
18,Male,Both (Part-time work + Study),10.3,5.0,3.7,8.0,1.0,9.0,2.0,5.0,2.0,3.0,6.0,4.0,Depression,Moderate,"Psychotherapy, antidepressants (SSRIs), regular exercise, social engagement"
18,Non-binary,Both (Part-time work + Study),6.8,7.0,1.9,4.0,4.0,4.0,2.0,4.0,7.0,10.0,8.0,7.0,Normal,Mild,No treatment needed; maintain healthy lifestyle and regular exercise
18,Non-binary,Student,7.4,6.0,1.4,2.0,6.0,3.0,1.0,2.0,7.0,7.0,8.0,8.0,Normal,Mild,No treatment needed; maintain healthy lifestyle and regular exercise
18,Non-binary,Working Professional,6.4,7.0,2.0,6.0,3.0,3.0,1.0,3.0,10.0,7.0,,9.0,Normal,Mild,No treatment needed; maintain healthy lifestyle and regular exercise
18,Non-binary,Working Professional,6.2,2.0,4.5,7.0,2.0,10.0,7.0,3.0,3.0,2.0,4.0,3.0,Anxiety,Moderate,"Cognitive Behavioral Therapy (CBT), mindfulness, reduce caffeine, sleep hygiene"
18,Non-binary,Student,8.2,6.0,7.0,4.0,0.0,6.0,4.0,8.0,2.0,3.0,6.0,4.0,Depression,Mild,"Psychotherapy, antidepressants (SSRIs), regular exercise, social engagement"
18,Non-binary,Student,9.9,3.0,5.8,6.0,0.0,5.0,7.0,9.0,2.0,3.0,3.0,5.0,Depression,Moderate,"Psychotherapy, antidepressants (SSRIs), regular exercise, social engagement"
18,Non-binary,Student,8.1,4.0,6.8,2.0,0.0,7.0,,9.0,3.0,4.0,,4.0,Depression,Mild,"Psychotherapy, antidepressants (SSRIs), regular exercise, social engagement"
18,Non-binary,Student,5.5,,4.2,8.0,1.0,9.0,5.0,7.0,2.0,4.0,2.0,3.0,Burnout,Moderate,"Rest, work-life balance improvement, therapy, reduce workload, meditation"
19,Female,Both (Part-time work + Study),8.0,9.0,2.9,2.0,3.0,3.0,3.0,1.0,7.0,6.0,6.0,8.0,Normal,Mild,No treatment needed; maintain healthy lifestyle and regular exercise
19,Female,Both (Part-time work + Study),7.4,9.0,1.4,2.0,3.0,1.0,2.0,4.0,8.0,7.0,7.0,6.0,Normal,Mild,No treatment needed; maintain healthy lifestyle and regular exercise
19,Female,Both (Part-time work + Study),7.2,7.0,6.5,,1.0,5.0,7.0,5.0,6.0,5.0,2.0,6.0,Anxiety,Moderate,"Cognitive Behavioral Therapy (CBT), mindfulness, reduce caffeine, sleep hygiene"
19,Female,Both (Part-time work + Study),4.6,4.0,3.7,,1.0,2.0,6.0,3.0,1.0,3.0,5.0,6.0,Anxiety,Mild,"Cognitive Behavioral Therapy (CBT), mindfulness, reduce caffeine, sleep hygiene"
19,Female,Working Professional,8.7,4.0,6.0,6.0,2.0,6.0,5.0,7.0,1.0,2.0,3.0,3.0,Depression,Moderate,"Psychotherapy, antidepressants (SSRIs), regular exercise, social engagement"
19,Female,Both (Part-time work + Study),4.5,3.0,3.8,9.0,1.0,8.0,7.0,6.0,1.0,2.0,2.0,3.0,Burnout,Moderate,"Rest, work-life balance improvement, therapy, reduce workload, meditation"
19,Female,Student,4.8,4.0,2.2,9.0,0.0,8.0,7.0,6.0,2.0,2.0,3.0,,Burnout,Moderate,"Rest, work-life balance improvement, therapy, reduce workload, meditation"
19,Male,Student,8.9,8.0,0.7,5.0,7.0,4.0,1.0,1.0,9.0,7.0,8.0,8.0,Normal,Mild,No treatment needed; maintain healthy lifestyle and regular exercise
19,Male,Both (Part-time work + Study),,6.0,2.6,2.0,6.0,1.0,4.0,2.0,7.0,7.0,8.0,7.0,Normal,Mild,No treatment needed; maintain healthy lifestyle and regular exercise
19,Male,Student,8.3,7.0,1.2,4.0,2.0,,1.0,3.0,8.0,7.0,8.0,9.0,Normal,Mild,No treatment needed; maintain healthy lifestyle and regular exercise
19,Male,Student,5.5,3.0,3.6,5.0,2.0,6.0,3.0,1.0,3.0,5.0,1.0,4.0,Anxiety,Mild,"Cognitive Behavioral Therapy (CBT), mindfulness, reduce caffeine, sleep hygiene"
19,Male,Working Professional,8.7,1.0,6.3,8.0,0.0,6.0,5.0,9.0,2.0,1.0,1.0,3.0,Depression,Moderate,"Psychotherapy, antidepressants (SSRIs), regular exercise, social engagement"
19,Male,Both (Part-time work + Study),10.0,4.0,2.5,7.0,0.0,8.0,3.0,,3.0,3.0,1.0,1.0,Depression,Mild,"Psychotherapy, antidepressants (SSRIs), regular exercise, social engagement"
19,Male,Student,5.3,5.0,3.4,10.0,2.0,10.0,7.0,7.0,3.0,3.0,2.0,3.0,Burnout,Severe,"Rest, work-life balance improvement, therapy, reduce workload, meditation"
19,Male,Both (Part-time work + Study),6.3,4.0,2.9,8.0,2.0,9.0,7.0,6.0,2.0,2.0,1.0,7.0,Burnout,Moderate,"Rest, work-life balance improvement, therapy, reduce workload, meditation"
19,Non-binary,Working Professional,8.5,6.0,1.4,4.0,6.0,2.0,1.0,4.0,6.0,5.0,8.0,7.0,Normal,Mild,No treatment needed; maintain healthy lifestyle and regular exercise
19,Non-binary,Both (Part-time work + Study),9.1,8.0,1.6,4.0,1.0,1.0,3.0,1.0,,8.0,9.0,8.0,Normal,Mild,No treatment needed; maintain healthy lifestyle and regular exercise
19,Non-binary,Both (Part-time work + Study),5.8,6.0,1.9,8.0,1.0,7.0,8.0,2.0,2.0,4.0,3.0,7.0,Anxiety,Moderate,"Cognitive Behavioral Therapy (CBT), mindfulness, reduce caffeine, sleep hygiene"
19,Non-binary,Both (Part-time work + Study),8.9,4.0,9.1,3.0,2.0,8.0,3.0,8.0,2.0,3.0,6.0,3.0,Depression,Mild,"Psychotherapy, antidepressants (SSRIs), regular exercise, social engagement"
19,Non-binary,Both (Part-time work + Study),3.2,6.0,3.1,10.0,0.0,8.0,7.0,5.0,2.0,2.0,1.0,4.0,Burnout,Moderate,"Rest, work-life balance improvement, therapy, reduce workload, meditation"
20,Female,Working Professional,6.9,8.0,1.0,4.0,1.0,4.0,2.0,2.0,8.0,9.0,9.0,6.0,Normal,Mild,No treatment needed; maintain healthy lifestyle and regular exercise
20,Female,Both (Part-time work + Study),8.0,8.0,0.5,6.0,,2.0,1.0,2.0,8.0,8.0,10.0,7.0,Normal,Mild,No treatment needed; maintain healthy lifestyle and regular exercise
20,Female,Both (Part-time work + Study),9.0,8.0,1.5,7.0,3.0,,2.0,3.0,9.0,8.0,7.0,8.0,Normal,Moderate,No treatment needed; maintain healthy lifestyle and regular exercise
20,Female,Student,,3.0,6.0,7.0,1.0,5.0,5.0,5.0,5.0,4.0,5.0,1.0,Anxiety,Mild,"Cognitive Behavioral Therapy (CBT), mindfulness, reduce caffeine, sleep hygiene"
20,Female,Working Professional,7.2,4.0,5.6,,0.0,8.0,7.0,5.0,9.0,1.0,7.0,4.0,Anxiety,Moderate,"Cognitive Behavioral Therapy (CBT), mindfulness, reduce caffeine, sleep hygiene"
20,Male,Both (Part-time work + Study),5.8,5.0,4.6,5.0,1.0,5.0,5.0,4.0,2.0,6.0,7.0,4.0,Anxiety,Mild,"Cognitive Behavioral Therapy (CBT), mindfulness, reduce caffeine, sleep hygiene"
20,Male,Student,4.8,5.0,4.5,6.0,2.0,4.0,8.0,5.0,3.0,4.0,4.0,2.0,Anxiety,Mild,"Cognitive Behavioral Therapy (CBT), mindfulness, reduce caffeine, sleep hygiene"
20,Male,Student,9.0,3.0,5.4,,1.0,9.0,5.0,9.0,1.0,3.0,2.0,,Depression,Moderate,"Psychotherapy, antidepressants (SSRIs), regular exercise, social engagement"
20,Male,Both (Part-time work + Study),4.7,4.0,1.7,9.0,1.0,9.0,8.0,7.0,3.0,1.0,3.0,4.0,Burnout,Severe,"Rest, work-life balance improvement, therapy, reduce workload, meditation"
20,Male,Student,6.1,3.0,,9.0,1.0,8.0,5.0,,1.0,2.0,3.0,3.0,Burnout,Moderate,"Rest, work-life balance improvement, therapy, reduce workload, meditation"
20,Male,Working Professional,6.1,6.0,6.5,10.0,0.0,8.0,4.0,10.0,2.0,2.0,4.0,2.0,Burnout,Severe,"Rest, work-life balance improvement, therapy, reduce workload, meditation"
20,Non-binary,Student,7.0,7.0,0.0,,6.0,5.0,1.0,2.0,8.0,10.0,9.0,7.0,Normal,Mild,No treatment needed; maintain healthy lifestyle and regular exercise
20,Non-binary,Both (Part-time work + Study),6.9,8.0,1.7,6.0,0.0,4.0,3.0,1.0,7.0,7.0,6.0,,Normal,Mild,No treatment needed; maintain healthy lifestyle and regular exercise
20,Non-binary,Student,3.5,3.0,6.9,6.0,1.0,7.0,7.0,,6.0,4.0,3.0,4.0,Anxiety,Moderate,"Cognitive Behavioral Therapy (CBT), mindfulness, reduce caffeine, sleep hygiene"
20,Non-binary,Both (Part-time work + Study),9.2,4.0,6.0,2.0,1.0,10.0,4.0,6.0,3.0,3.0,5.0,1.0,Depression,Mild,"Psychotherapy, antidepressants (SSRIs), regular exercise, social engagement"
20,Non-binary,Working Professional,6.0,4.0,7.2,5.0,0.0,6.0,4.0,5.0,1.0,3.0,4.0,3.0,Depression,Mild,"Psychotherapy, antidepressants (SSRIs), regular exercise, social engagement"
20,Non-binary,Both (Part-time work + Study),6.8,3.0,5.9,6.0,1.0,6.0,7.0,8.0,2.0,1.0,3.0,2.0,Depression,Moderate,"Psychotherapy, antidepressants (SSRIs), regular exercise, social engagement"
20,Non-binary,Student,9.1,4.0,8.2,5.0,0.0,8.0,5.0,9.0,3.0,1.0,2.0,1.0,Depression,Moderate,"Psychotherapy, antidepressants (SSRIs), regular exercise, social engagement"
21,Female,Both (Part-time work + Study),7.8,8.0,1.1,5.0,6.0,3.0,4.0,1.0,6.0,6.0,9.0,8.0,Normal,Mild,No treatment needed; maintain healthy lifestyle and regular exercise
21,Female,Both (Part-time work + Study),6.3,,4.6,6.0,0.0,6.0,8.0,5.0,4.0,5.0,5.0,4.0,Anxiety,Moderate,"Cognitive Behavioral Therapy (CBT), mindfulness, reduce caffeine, sleep hygiene"
21,Female,Both (Part-time work + Study),6.7,6.0,3.1,7.0,1.0,5.0,6.0,4.0,7.0,5.0,2.0,4.0,Anxiety,Mild,"Cognitive Behavioral Therapy (CBT), mindfulness, reduce caffeine, sleep hygiene"
21,Female,Working Professional,9.3,,5.2,4.0,1.0,,5.0,4.0,6.0,3.0,2.0,3.0,Depression,Mild,"Psychotherapy, antidepressants (SSRIs), regular exercise, social engagement"
21,Female,Both (Part-time work + Study),7.8,6.0,,10.0,0.0,9.0,6.0,6.0,2.0,3.0,2.0,2.0,Burnout,Moderate,"Rest, work-life balance improvement, therapy, reduce workload, meditation"
21,Male,Working Professional,4.9,5.0,3.8,8.0,2.0,6.0,6.0,5.0,5.0,3.0,4.0,4.0,Anxiety,Moderate,"Cognitive Behavioral Therapy (CBT), mindfulness, reduce caffeine, sleep hygiene"
21,Male,Both (Part-time work + Study),7.0,3.0,3.5,6.0,0.0,7.0,4.0,10.0,5.0,1.0,4.0,2.0,Depression,Moderate,"Psychotherapy, antidepressants (SSRIs), regular exercise, social engagement"
21,Male,Student,3.8,3.0,5.0,9.0,0.0,7.0,7.0,5.0,1.0,4.0,4.0,4.0,Burnout,Moderate,"Rest, work-life balance improvement, therapy, reduce workload, meditation"
21,Non-binary,Student,7.7,10.0,2.9,3.0,5.0,2.0,1.0,1.0,6.0,7.0,8.0,9.0,Normal,Mild,No treatment needed; maintain healthy lifestyle and regular exercise
21,Non-binary,Both (Part-time work + Study),6.2,8.0,1.5,2.0,0.0,2.0,4.0,4.0,7.0,7.0,8.0,7.0,Normal,Mild,No treatment needed; maintain healthy lifestyle and regular exercise
21,Non-binary,Student,6.4,6.0,7.1,6.0,1.0,4.0,5.0,6.0,6.0,3.0,4.0,4.0,Anxiety,Mild,"Cognitive Behavioral Therapy (CBT), mindfulness, reduce caffeine, sleep hygiene"
21,Non-binary,Student,6.0,5.0,5.6,7.0,3.0,5.0,5.0,3.0,5.0,6.0,5.0,6.0,Anxiety,Mild,"Cognitive Behavioral Therapy (CBT), mindfulness, reduce caffeine, sleep hygiene"
21,Non-binary,Both (Part-time work + Study),12.0,4.0,7.2,4.0,0.0,8.0,2.0,7.0,3.0,3.0,3.0,3.0,Depression,Mild,"Psychotherapy, antidepressants (SSRIs), regular exercise, social engagement"
21,Non-binary,Both (Part-time work + Study),10.8,5.0,6.4,3.0,0.0,7.0,5.0,5.0,1.0,2.0,4.0,1.0,Depression,Mild,"Psychotherapy, antidepressants (SSRIs), regular exercise, social engagement"
21,Non-binary,Student,9.6,5.0,5.1,2.0,0.0,8.0,5.0,8.0,2.0,1.0,4.0,1.0,Depression,Mild,"Psychotherapy, antidepressants (SSRIs), regular exercise, social engagement"
21,Non-binary,Working Professional,3.4,4.0,3.0,9.0,1.0,10.0,5.0,7.0,2.0,2.0,1.0,6.0,Burnout,Moderate,"Rest, work-life balance improvement, therapy, reduce workload, meditation"
21,Non-binary,Student,6.1,7.0,4.0,9.0,1.0,8.0,4.0,5.0,1.0,5.0,2.0,3.0,Burnout,Moderate,"Rest, work-life balance improvement, therapy, reduce workload, meditation"
22,Female,Working Professional,7.7,8.0,3.6,3.0,4.0,3.0,2.0,1.0,8.0,9.0,6.0,8.0,Normal,Mild,No treatment needed; maintain healthy lifestyle and regular exercise
22,Female,Both (Part-time work + Study),4.7,6.0,7.1,6.0,0.0,8.0,5.0,6.0,1.0,6.0,3.0,6.0,Anxiety,Moderate,"Cognitive Behavioral Therapy (CBT), mindfulness, reduce caffeine, sleep hygiene"
22,Female,Both (Part-time work + Study),5.2,6.0,5.5,7.0,3.0,6.0,6.0,3.0,,9.0,6.0,2.0,Anxiety,Mild,"Cognitive Behavioral Therapy (CBT), mindfulness, reduce caffeine, sleep hygiene"
22,Female,Student,5.5,4.0,5.5,9.0,3.0,5.0,7.0,6.0,4.0,6.0,8.0,,Anxiety,Moderate,"Cognitive Behavioral Therapy (CBT), mindfulness, reduce caffeine, sleep hygiene"
22,Female,Student,7.0,5.0,4.0,10.0,0.0,7.0,3.0,5.0,2.0,3.0,3.0,1.0,Burnout,Moderate,"Rest, work-life balance improvement, therapy, reduce workload, meditation"
22,Male,Both (Part-time work + Study),5.2,1.0,6.0,5.0,2.0,7.0,9.0,3.0,1.0,5.0,7.0,6.0,Anxiety,Moderate,"Cognitive Behavioral Therapy (CBT), mindfulness, reduce caffeine, sleep hygiene"
22,Male,Student,5.3,3.0,4.7,4.0,1.0,6.0,6.0,4.0,3.0,5.0,6.0,4.0,Anxiety,Mild,"Cognitive Behavioral Therapy (CBT), mindfulness, reduce caffeine, sleep hygiene"
22,Male,Student,5.1,7.0,7.4,10.0,1.0,7.0,4.0,7.0,2.0,5.0,3.0,4.0,Anxiety,Moderate,"Cognitive Behavioral Therapy (CBT), mindfulness, reduce caffeine, sleep hygiene"
22,Male,Both (Part-time work + Study),8.8,6.0,4.6,,0.0,8.0,2.0,8.0,1.0,1.0,4.0,4.0,Depression,Moderate,"Psychotherapy, antidepressants (SSRIs), regular exercise, social engagement"
22,Male,Student,6.3,3.0,6.2,10.0,0.0,7.0,3.0,4.0,1.0,5.0,3.0,,Burnout,Moderate,"Rest, work-life balance improvement, therapy, reduce workload, meditation"
22,Non-binary,Both (Part-time work + Study),8.4,,5.0,6.0,2.0,7.0,,6.0,5.0,6.0,5.0,5.0,Anxiety,Moderate,"Cognitive Behavioral Therapy (CBT), mindfulness, reduce caffeine, sleep hygiene"
22,Non-binary,Working Professional,4.5,4.0,6.9,6.0,1.0,7.0,8.0,1.0,3.0,5.0,6.0,4.0,Anxiety,Mild,"Cognitive Behavioral Therapy (CBT), mindfulness, reduce caffeine, sleep hygiene"
22,Non-binary,Working Professional,8.8,4.0,2.8,6.0,0.0,5.0,2.0,5.0,1.0,1.0,6.0,2.0,Depression,Mild,"Psychotherapy, antidepressants (SSRIs), regular exercise, social engagement"
22,Non-binary,Student,8.2,5.0,7.8,5.0,0.0,7.0,2.0,8.0,3.0,4.0,1.0,1.0,Depression,Mild,"Psychotherapy, antidepressants (SSRIs), regular exercise, social engagement"
22,Non-binary,Student,10.1,2.0,7.0,7.0,1.0,5.0,5.0,6.0,2.0,4.0,5.0,3.0,Depression,Mild,"Psychotherapy, antidepressants (SSRIs), regular exercise, social engagement"
22,Non-binary,Student,6.0,1.0,5.0,7.0,2.0,9.0,7.0,,1.0,1.0,4.0,,Burnout,Moderate,"Rest, work-life balance improvement, therapy, reduce workload, meditation"
22,Non-binary,Both (Part-time work + Study),,6.0,4.6,10.0,0.0,8.0,7.0,7.0,1.0,3.0,3.0,2.0,Burnout,Severe,"Rest, work-life balance improvement, therapy, reduce workload, meditation"
22,Non-binary,Both (Part-time work + Study),3.0,4.0,2.2,8.0,2.0,10.0,6.0,6.0,3.0,3.0,2.0,1.0,Burnout,Moderate,"Rest, work-life balance improvement, therapy, reduce workload, meditation"
23,Female,Student,7.5,8.0,0.0,,2.0,1.0,1.0,4.0,8.0,7.0,8.0,9.0,Normal,Mild,No treatment needed; maintain healthy lifestyle and regular exercise
23,Female,Student,7.5,7.0,1.6,2.0,3.0,5.0,1.0,,9.0,7.0,7.0,9.0,Normal,Mild,No treatment needed; maintain healthy lifestyle and regular exercise
23,Female,Both (Part-time work + Study),3.7,6.0,5.1,4.0,1.0,5.0,,7.0,1.0,5.0,4.0,,Anxiety,Mild,"Cognitive Behavioral Therapy (CBT), mindfulness, reduce caffeine, sleep hygiene"
23,Female,Both (Part-time work + Study),8.7,2.0,,4.0,0.0,7.0,5.0,9.0,2.0,3.0,,3.0,Depression,Moderate,"Psychotherapy, antidepressants (SSRIs), regular exercise, social engagement"
23,Female,Student,6.3,3.0,2.0,9.0,2.0,10.0,5.0,8.0,1.0,4.0,1.0,2.0,Burnout,Severe,"Rest, work-life balance improvement, therapy, reduce workload, meditation"
23,Female,Working Professional,6.2,3.0,6.1,8.0,0.0,8.0,7.0,4.0,1.0,1.0,4.0,5.0,Burnout,Moderate,"Rest, work-life balance improvement, therapy, reduce workload, meditation"
23,Male,Both (Part-time work + Study),8.0,8.0,1.4,3.0,3.0,2.0,3.0,2.0,7.0,,8.0,8.0,Normal,Mild,No treatment needed; maintain healthy lifestyle and regular exercise
23,Male,Student,7.5,6.0,0.6,6.0,2.0,1.0,1.0,1.0,6.0,9.0,9.0,7.0,Normal,Mild,No treatment needed; maintain healthy lifestyle and regular exercise
23,Male,Both (Part-time work + Study),7.2,6.0,6.4,8.0,2.0,7.0,,4.0,4.0,,4.0,4.0,Anxiety,Moderate,"Cognitive Behavioral Therapy (CBT), mindfulness, reduce caffeine, sleep hygiene"
23,Male,Student,6.2,6.0,3.9,7.0,2.0,9.0,8.0,6.0,4.0,7.0,5.0,3.0,Anxiety,Moderate,"Cognitive Behavioral Therapy (CBT), mindfulness, reduce caffeine, sleep hygiene"
23,Male,Student,6.0,5.0,2.9,6.0,0.0,6.0,,8.0,1.0,2.0,4.0,,Depression,Moderate,"Psychotherapy, antidepressants (SSRIs), regular exercise, social engagement"
23,Male,Student,7.9,6.0,5.0,4.0,1.0,,4.0,9.0,3.0,1.0,3.0,2.0,Depression,Moderate,"Psychotherapy, antidepressants (SSRIs), regular exercise, social engagement"
23,Non-binary,Working Professional,7.8,9.0,2.2,4.0,3.0,1.0,1.0,2.0,10.0,7.0,8.0,7.0,Normal,Mild,No treatment needed; maintain healthy lifestyle and regular exercise
23,Non-binary,Working Professional,5.6,4.0,4.0,7.0,2.0,5.0,9.0,4.0,4.0,6.0,5.0,6.0,Anxiety,Moderate,"Cognitive Behavioral Therapy (CBT), mindfulness, reduce caffeine, sleep hygiene"
23,Non-binary,Working Professional,5.1,5.0,,10.0,0.0,7.0,10.0,5.0,3.0,4.0,4.0,,Anxiety,Severe,"Cognitive Behavioral Therapy (CBT), mindfulness, reduce caffeine, sleep hygiene"
23,Non-binary,Working Professional,8.1,3.0,6.6,6.0,0.0,8.0,5.0,10.0,3.0,4.0,4.0,5.0,Depression,Moderate,"Psychotherapy, antidepressants (SSRIs), regular exercise, social engagement"
23,Non-binary,Both (Part-time work + Study),5.1,3.0,5.0,10.0,1.0,10.0,7.0,5.0,3.0,2.0,4.0,6.0,Burnout,Severe,"Rest, work-life balance improvement, therapy, reduce workload, meditation"
24,Female,Student,7.7,6.0,4.4,4.0,4.0,4.0,2.0,2.0,7.0,8.0,9.0,9.0,Normal,Mild,No treatment needed; maintain healthy lifestyle and regular exercise
24,Female,Student,6.9,5.0,2.9,5.0,3.0,3.0,2.0,1.0,7.0,8.0,6.0,8.0,Normal,Mild,No treatment needed; maintain healthy lifestyle and regular exercise
24,Female,Both (Part-time work + Study),6.2,5.0,7.5,6.0,2.0,5.0,5.0,4.0,3.0,4.0,3.0,2.0,Anxiety,Mild,"Cognitive Behavioral Therapy (CBT), mindfulness, reduce caffeine, sleep hygiene"
24,Female,Student,6.2,2.0,1.6,6.0,0.0,6.0,6.0,4.0,6.0,5.0,5.0,5.0,Anxiety,Mild,"Cognitive Behavioral Therapy (CBT), mindfulness, reduce caffeine, sleep hygiene"
24,Female,Student,4.7,5.0,7.7,6.0,2.0,5.0,5.0,5.0,6.0,5.0,4.0,4.0,Anxiety,Mild,"Cognitive Behavioral Therapy (CBT), mindfulness, reduce caffeine, sleep hygiene"
24,Female,Working Professional,4.4,4.0,6.0,7.0,2.0,9.0,4.0,7.0,4.0,3.0,3.0,4.0,Anxiety,Moderate,"Cognitive Behavioral Therapy (CBT), mindfulness, reduce caffeine, sleep hygiene"
24,Female,Student,10.9,4.0,4.5,5.0,0.0,5.0,6.0,5.0,5.0,4.0,5.0,2.0,Depression,Mild,"Psychotherapy, antidepressants (SSRIs), regular exercise, social engagement"
24,Female,Student,10.0,,7.1,6.0,1.0,6.0,2.0,8.0,1.0,2.0,5.0,3.0,Depression,Mild,"Psychotherapy, antidepressants (SSRIs), regular exercise, social engagement"
24,Female,Working Professional,9.8,5.0,5.0,5.0,,3.0,5.0,,3.0,1.0,,1.0,Depression,Mild,"Psychotherapy, antidepressants (SSRIs), regular exercise, social engagement"
24,Male,Both (Part-time work + Study),7.9,8.0,3.4,4.0,3.0,3.0,2.0,2.0,8.0,7.0,7.0,6.0,Normal,Mild,No treatment needed; maintain healthy lifestyle and regular exercise
24,Male,Working Professional,4.4,5.0,3.7,6.0,0.0,,8.0,4.0,4.0,2.0,4.0,4.0,Anxiety,Moderate,"Cognitive Behavioral Therapy (CBT), mindfulness, reduce caffeine, sleep hygiene"
24,Male,Student,3.0,4.0,5.7,5.0,2.0,7.0,6.0,5.0,2.0,4.0,5.0,5.0,Anxiety,Mild,"Cognitive Behavioral Therapy (CBT), mindfulness, reduce caffeine, sleep hygiene"
24,Male,Working Professional,3.1,3.0,4.7,7.0,1.0,8.0,4.0,5.0,1.0,6.0,4.0,5.0,Anxiety,Moderate,"Cognitive Behavioral Therapy (CBT), mindfulness, reduce caffeine, sleep hygiene"
24,Non-binary,Both (Part-time work + Study),6.9,3.0,5.4,8.0,2.0,7.0,,1.0,5.0,4.0,2.0,5.0,Anxiety,Moderate,"Cognitive Behavioral Therapy (CBT), mindfulness, reduce caffeine, sleep hygiene"
24,Non-binary,Working Professional,5.2,6.0,4.5,6.0,2.0,7.0,7.0,,1.0,6.0,5.0,,Anxiety,Moderate,"Cognitive Behavioral Therapy (CBT), mindfulness, reduce caffeine, sleep hygiene"
25,Female,Working Professional,6.7,8.0,2.2,3.0,4.0,2.0,2.0,2.0,9.0,6.0,10.0,,Normal,Mild,No treatment needed; maintain healthy lifestyle and regular exercise
25,Female,Working Professional,6.5,6.0,1.7,6.0,3.0,1.0,1.0,1.0,5.0,7.0,7.0,8.0,Normal,Mild,No treatment needed; maintain healthy lifestyle and regular exercise
25,Female,Working Professional,4.6,4.0,3.8,8.0,,9.0,6.0,3.0,1.0,2.0,2.0,5.0,Anxiety,Moderate,"Cognitive Behavioral Therapy (CBT), mindfulness, reduce caffeine, sleep hygiene"
25,Female,Working Professional,4.3,3.0,5.5,6.0,2.0,,6.0,3.0,5.0,6.0,2.0,3.0,Anxiety,Mild,"Cognitive Behavioral Therapy (CBT), mindfulness, reduce caffeine, sleep hygiene"
25,Female,Working Professional,6.1,,5.1,8.0,2.0,5.0,8.0,6.0,2.0,5.0,6.0,4.0,Anxiety,Moderate,"Cognitive Behavioral Therapy (CBT), mindfulness, reduce caffeine, sleep hygiene"
25,Female,Both (Part-time work + Study),5.4,5.0,7.4,8.0,3.0,6.0,5.0,6.0,,,4.0,4.0,Anxiety,Moderate,"Cognitive Behavioral Therapy (CBT), mindfulness, reduce caffeine, sleep hygiene"
25,Female,Working Professional,6.3,3.0,7.6,7.0,3.0,5.0,9.0,6.0,4.0,5.0,4.0,6.0,Anxiety,Moderate,"Cognitive Behavioral Therapy (CBT), mindfulness, reduce caffeine, sleep hygiene"
25,Female,Both (Part-time work + Study),4.3,3.0,6.9,8.0,1.0,6.0,3.0,3.0,6.0,3.0,5.0,6.0,Anxiety,Mild,"Cognitive Behavioral Therapy (CBT), mindfulness, reduce caffeine, sleep hygiene"
25,Female,Student,10.7,1.0,6.0,5.0,,9.0,3.0,9.0,3.0,4.0,,1.0,Depression,Moderate,"Psychotherapy, antidepressants (SSRIs), regular exercise, social engagement"
25,Female,Student,4.7,4.0,5.8,8.0,0.0,8.0,5.0,6.0,2.0,1.0,3.0,1.0,Burnout,Moderate,"Rest, work-life balance improvement, therapy, reduce workload, meditation"
25,Female,Student,4.6,6.0,3.6,6.0,,9.0,7.0,7.0,,4.0,2.0,,Burnout,Moderate,"Rest, work-life balance improvement, therapy, reduce workload, meditation"
25,Female,Working Professional,4.8,6.0,3.7,8.0,0.0,10.0,9.0,7.0,2.0,3.0,1.0,5.0,Burnout,Severe,"Rest, work-life balance improvement, therapy, reduce workload, meditation"
25,Female,Student,4.7,2.0,4.6,10.0,0.0,9.0,6.0,7.0,,2.0,2.0,3.0,Burnout,Severe,"Rest, work-life balance improvement, therapy, reduce workload, meditation"
25,Male,Student,5.9,7.0,2.4,6.0,3.0,1.0,1.0,3.0,8.0,7.0,8.0,8.0,Normal,Mild,No treatment needed; maintain healthy lifestyle and regular exercise
25,Male,Student,7.1,8.0,0.9,,4.0,3.0,3.0,1.0,6.0,9.0,8.0,7.0,Normal,Mild,No treatment needed; maintain healthy lifestyle and regular exercise
25,Male,Both (Part-time work + Study),8.0,6.0,1.7,1.0,4.0,3.0,1.0,4.0,6.0,6.0,8.0,9.0,Normal,Mild,No treatment needed; maintain healthy lifestyle and regular exercise
25,Male,Working Professional,7.9,7.0,2.2,1.0,3.0,1.0,1.0,3.0,9.0,8.0,6.0,7.0,Normal,Mild,No treatment needed; maintain healthy lifestyle and regular exercise
25,Male,Both (Part-time work + Study),8.7,6.0,1.8,2.0,1.0,2.0,1.0,4.0,8.0,6.0,9.0,9.0,Normal,Mild,No treatment needed; maintain healthy lifestyle and regular exercise
25,Male,Working Professional,4.9,,3.5,7.0,,8.0,10.0,5.0,3.0,4.0,2.0,3.0,Anxiety,Moderate,"Cognitive Behavioral Therapy (CBT), mindfulness, reduce caffeine, sleep hygiene"
25,Male,Both (Part-time work + Study),6.8,5.0,5.0,6.0,3.0,5.0,9.0,5.0,1.0,5.0,1.0,5.0,Anxiety,Moderate,"Cognitive Behavioral Therapy (CBT), mindfulness, reduce caffeine, sleep hygiene"
25,Male,Working Professional,4.6,3.0,5.9,7.0,1.0,8.0,6.0,5.0,5.0,4.0,5.0,4.0,Anxiety,Moderate,"Cognitive Behavioral Therapy (CBT), mindfulness, reduce caffeine, sleep hygiene"
25,Male,Both (Part-time work + Study),11.1,1.0,7.9,,0.0,5.0,7.0,6.0,1.0,4.0,4.0,1.0,Depression,Moderate,"Psychotherapy, antidepressants (SSRIs), regular exercise, social engagement"
25,Male,Student,7.5,5.0,4.6,8.0,0.0,9.0,6.0,,2.0,2.0,4.0,3.0,Depression,Moderate,"Psychotherapy, antidepressants (SSRIs), regular exercise, social engagement"
25,Male,Working Professional,8.7,5.0,4.4,8.0,0.0,6.0,5.0,8.0,2.0,2.0,4.0,2.0,Depression,Moderate,"Psychotherapy, antidepressants (SSRIs), regular exercise, social engagement"
25,Male,Working Professional,8.1,6.0,5.0,4.0,1.0,5.0,3.0,5.0,2.0,2.0,4.0,4.0,Depression,Mild,"Psychotherapy, antidepressants (SSRIs), regular exercise, social engagement"
25,Non-binary,Student,5.3,6.0,6.2,4.0,3.0,4.0,8.0,6.0,2.0,4.0,3.0,4.0,Anxiety,Mild,"Cognitive Behavioral Therapy (CBT), mindfulness, reduce caffeine, sleep hygiene"
25,Non-binary,Working Professional,4.5,5.0,,6.0,,7.0,6.0,4.0,3.0,4.0,4.0,7.0,Anxiety,Mild,"Cognitive Behavioral Therapy (CBT), mindfulness, reduce caffeine, sleep hygiene"
25,Non-binary,Both (Part-time work + Study),9.2,2.0,4.7,6.0,2.0,,4.0,7.0,2.0,3.0,1.0,4.0,Depression,Mild,"Psychotherapy, antidepressants (SSRIs), regular exercise, social engagement"
25,Non-binary,Working Professional,6.3,4.0,3.7,8.0,2.0,8.0,8.0,7.0,1.0,6.0,1.0,3.0,Burnout,Moderate,"Rest, work-life balance improvement, therapy, reduce workload, meditation"
25,Non-binary,Working Professional,3.0,3.0,4.1,9.0,2.0,8.0,6.0,5.0,2.0,3.0,2.0,1.0,Burnout,Moderate,"Rest, work-life balance improvement, therapy, reduce workload, meditation"
26,Female,Student,7.7,8.0,0.8,2.0,4.0,3.0,2.0,2.0,7.0,8.0,8.0,,Normal,Mild,No treatment needed; maintain healthy lifestyle and regular exercise
26,Female,Working Professional,9.3,7.0,1.2,3.0,0.0,2.0,1.0,2.0,8.0,9.0,,7.0,Normal,Mild,No treatment needed; maintain healthy lifestyle and regular exercise
26,Female,Working Professional,6.4,8.0,2.6,4.0,5.0,4.0,2.0,1.0,6.0,8.0,8.0,8.0,Normal,Mild,No treatment needed; maintain healthy lifestyle and regular exercise
26,Female,Working Professional,8.1,7.0,3.4,2.0,6.0,2.0,1.0,2.0,7.0,8.0,7.0,7.0,Normal,Mild,No treatment needed; maintain healthy lifestyle and regular exercise
26,Female,Working Professional,8.3,9.0,3.2,4.0,2.0,5.0,1.0,2.0,7.0,,8.0,8.0,Normal,Mild,No treatment needed; maintain healthy lifestyle and regular exercise
26,Female,Working Professional,6.3,8.0,2.8,1.0,4.0,4.0,1.0,4.0,8.0,7.0,7.0,8.0,Normal,Mild,No treatment needed; maintain healthy lifestyle and regular exercise
26,Female,Both (Part-time work + Study),5.7,6.0,4.3,7.0,1.0,8.0,7.0,3.0,5.0,4.0,6.0,5.0,Anxiety,Moderate,"Cognitive Behavioral Therapy (CBT), mindfulness, reduce caffeine, sleep hygiene"
26,Female,Both (Part-time work + Study),4.8,,3.3,7.0,1.0,6.0,6.0,2.0,3.0,5.0,5.0,3.0,Anxiety,Mild,"Cognitive Behavioral Therapy (CBT), mindfulness, reduce caffeine, sleep hygiene"
26,Female,Working Professional,4.8,5.0,4.3,5.0,0.0,4.0,6.0,5.0,3.0,4.0,3.0,5.0,Anxiety,Mild,"Cognitive Behavioral Therapy (CBT), mindfulness, reduce caffeine, sleep hygiene"
26,Female,Student,8.8,5.0,8.6,3.0,0.0,6.0,5.0,8.0,4.0,1.0,1.0,4.0,Depression,Mild,"Psychotherapy, antidepressants (SSRIs), regular exercise, social engagement"
26,Female,Student,5.0,6.0,2.0,8.0,2.0,10.0,,8.0,2.0,5.0,3.0,5.0,Burnout,Severe,"Rest, work-life balance improvement, therapy, reduce workload, meditation"
26,Male,Both (Part-time work + Study),8.5,7.0,2.4,3.0,4.0,4.0,2.0,,6.0,,8.0,10.0,Normal,Mild,No treatment needed; maintain healthy lifestyle and regular exercise
26,Male,Working Professional,5.1,6.0,5.7,7.0,2.0,10.0,,5.0,2.0,5.0,3.0,4.0,Anxiety,Moderate,"Cognitive Behavioral Therapy (CBT), mindfulness, reduce caffeine, sleep hygiene"
26,Male,Both (Part-time work + Study),7.7,4.0,3.7,,0.0,,,2.0,4.0,6.0,3.0,,Anxiety,Mild,"Cognitive Behavioral Therapy (CBT), mindfulness, reduce caffeine, sleep hygiene"
26,Male,Both (Part-time work + Study),9.3,2.0,4.5,3.0,0.0,5.0,5.0,6.0,3.0,3.0,1.0,3.0,Depression,Mild,"Psychotherapy, antidepressants (SSRIs), regular exercise, social engagement"
26,Male,Student,6.9,3.0,6.7,7.0,0.0,6.0,4.0,5.0,3.0,1.0,3.0,,Depression,Mild,"Psychotherapy, antidepressants (SSRIs), regular exercise, social engagement"
26,Male,Both (Part-time work + Study),9.3,5.0,4.8,8.0,0.0,9.0,4.0,7.0,1.0,2.0,2.0,2.0,Depression,Moderate,"Psychotherapy, antidepressants (SSRIs), regular exercise, social engagement"
26,Non-binary,Student,8.1,,1.9,3.0,1.0,1.0,1.0,3.0,8.0,6.0,8.0,7.0,Normal,Mild,No treatment needed; maintain healthy lifestyle and regular exercise
26,Non-binary,Working Professional,7.1,7.0,2.8,2.0,4.0,2.0,2.0,2.0,9.0,7.0,,7.0,Normal,Mild,No treatment needed; maintain healthy lifestyle and regular exercise
26,Non-binary,Both (Part-time work + Study),7.1,9.0,,3.0,3.0,5.0,2.0,3.0,6.0,8.0,8.0,8.0,Normal,Mild,No treatment needed; maintain healthy lifestyle and regular exercise
26,Non-binary,Student,7.3,8.0,0.7,6.0,3.0,4.0,,,8.0,8.0,8.0,9.0,Normal,Mild,No treatment needed; maintain healthy lifestyle and regular exercise
26,Non-binary,Student,7.6,8.0,2.4,5.0,5.0,1.0,1.0,3.0,6.0,7.0,6.0,6.0,Normal,Mild,No treatment needed; maintain healthy lifestyle and regular exercise
26,Non-binary,Both (Part-time work + Study),7.2,7.0,2.1,2.0,0.0,3.0,3.0,1.0,6.0,8.0,10.0,8.0,Normal,Mild,No treatment needed; maintain healthy lifestyle and regular exercise
26,Non-binary,Student,5.7,4.0,5.5,6.0,2.0,8.0,5.0,6.0,5.0,,,4.0,Anxiety,Moderate,"Cognitive Behavioral Therapy (CBT), mindfulness, reduce caffeine, sleep hygiene"
26,Non-binary,Both (Part-time work + Study),3.9,6.0,6.8,6.0,1.0,4.0,7.0,5.0,3.0,6.0,4.0,5.0,Anxiety,Mild,"Cognitive Behavioral Therapy (CBT), mindfulness, reduce caffeine, sleep hygiene"
26,Non-binary,Student,5.4,4.0,4.1,7.0,0.0,8.0,6.0,3.0,3.0,6.0,4.0,5.0,Anxiety,Moderate,"Cognitive Behavioral Therapy (CBT), mindfulness, reduce caffeine, sleep hygiene"
26,Non-binary,Both (Part-time work + Study),9.2,5.0,7.0,6.0,0.0,4.0,4.0,9.0,5.0,4.0,4.0,3.0,Depression,Mild,"Psychotherapy, antidepressants (SSRIs), regular exercise, social engagement"
26,Non-binary,Working Professional,10.4,4.0,6.5,4.0,0.0,9.0,3.0,10.0,2.0,3.0,5.0,4.0,Depression,Moderate,"Psychotherapy, antidepressants (SSRIs), regular exercise, social engagement"
26,Non-binary,Working Professional,5.5,4.0,5.4,10.0,1.0,7.0,6.0,7.0,4.0,1.0,4.0,4.0,Burnout,Moderate,"Rest, work-life balance improvement, therapy, reduce workload, meditation"
26,Non-binary,Working Professional,3.2,2.0,2.3,8.0,0.0,7.0,10.0,8.0,1.0,3.0,3.0,5.0,Burnout,Severe,"Rest, work-life balance improvement, therapy, reduce workload, meditation"
26,Non-binary,Both (Part-time work + Study),7.1,2.0,3.1,8.0,0.0,6.0,6.0,7.0,1.0,2.0,3.0,5.0,Burnout,Moderate,"Rest, work-life balance improvement, therapy, reduce workload, meditation"
26,Non-binary,Both (Part-time work + Study),5.2,3.0,2.5,8.0,0.0,10.0,4.0,6.0,1.0,3.0,2.0,3.0,Burnout,Moderate,"Rest, work-life balance improvement, therapy, reduce workload, meditation"
27,Female,Student,5.1,6.0,4.5,8.0,2.0,6.0,7.0,2.0,2.0,3.0,5.0,7.0,Anxiety,Mild,"Cognitive Behavioral Therapy (CBT), mindfulness, reduce caffeine, sleep hygiene"
27,Female,Both (Part-time work + Study),8.7,3.0,7.8,5.0,1.0,7.0,4.0,5.0,3.0,2.0,4.0,2.0,Depression,Mild,"Psychotherapy, antidepressants (SSRIs), regular exercise, social engagement"
27,Female,Student,9.3,2.0,7.8,4.0,1.0,8.0,5.0,7.0,2.0,4.0,1.0,1.0,Depression,Moderate,"Psychotherapy, antidepressants (SSRIs), regular exercise, social engagement"
27,Female,Working Professional,9.7,4.0,3.0,4.0,1.0,6.0,4.0,5.0,1.0,1.0,3.0,2.0,Depression,Mild,"Psychotherapy, antidepressants (SSRIs), regular exercise, social engagement"
27,Male,Working Professional,7.3,8.0,0.0,4.0,5.0,,3.0,2.0,7.0,8.0,10.0,8.0,Normal,Mild,No treatment needed; maintain healthy lifestyle and regular exercise
27,Male,Both (Part-time work + Study),8.7,8.0,2.5,,3.0,,1.0,1.0,10.0,6.0,7.0,7.0,Normal,Mild,No treatment needed; maintain healthy lifestyle and regular exercise
27,Male,Working Professional,8.2,8.0,1.4,3.0,4.0,2.0,4.0,2.0,8.0,8.0,9.0,8.0,Normal,Mild,No treatment needed; maintain healthy lifestyle and regular exercise
27,Male,Both (Part-time work + Study),3.6,6.0,4.3,7.0,3.0,8.0,6.0,3.0,1.0,3.0,4.0,3.0,Anxiety,Moderate,"Cognitive Behavioral Therapy (CBT), mindfulness, reduce caffeine, sleep hygiene"
27,Male,Student,6.8,5.0,5.5,6.0,2.0,6.0,,4.0,4.0,4.0,6.0,4.0,Anxiety,Mild,"Cognitive Behavioral Therapy (CBT), mindfulness, reduce caffeine, sleep hygiene"
27,Male,Working Professional,6.5,6.0,6.8,8.0,2.0,8.0,6.0,3.0,3.0,3.0,3.0,4.0,Anxiety,Moderate,"Cognitive Behavioral Therapy (CBT), mindfulness, reduce caffeine, sleep hygiene"
27,Male,Working Professional,3.0,4.0,5.4,5.0,,6.0,9.0,7.0,3.0,4.0,4.0,4.0,Anxiety,Moderate,"Cognitive Behavioral Therapy (CBT), mindfulness, reduce caffeine, sleep hygiene"
27,Male,Both (Part-time work + Study),9.1,2.0,,4.0,1.0,3.0,6.0,10.0,2.0,1.0,3.0,,Depression,Mild,"Psychotherapy, antidepressants (SSRIs), regular exercise, social engagement"
27,Male,Both (Part-time work + Study),8.2,4.0,5.9,7.0,1.0,5.0,6.0,7.0,3.0,2.0,3.0,3.0,Depression,Moderate,"Psychotherapy, antidepressants (SSRIs), regular exercise, social engagement"
27,Male,Working Professional,4.4,4.0,5.2,10.0,1.0,10.0,6.0,5.0,2.0,3.0,1.0,3.0,Burnout,Moderate,"Rest, work-life balance improvement, therapy, reduce workload, meditation"
27,Male,Both (Part-time work + Study),6.3,3.0,2.7,8.0,0.0,8.0,8.0,5.0,2.0,2.0,2.0,1.0,Burnout,Moderate,"Rest, work-life balance improvement, therapy, reduce workload, meditation"
27,Male,Both (Part-time work + Study),4.7,5.0,1.9,7.0,1.0,10.0,4.0,8.0,2.0,4.0,2.0,1.0,Burnout,Moderate,"Rest, work-life balance improvement, therapy, reduce workload, meditation"
27,Male,Both (Part-time work + Study),4.8,5.0,5.9,8.0,2.0,9.0,7.0,8.0,2.0,6.0,1.0,3.0,Burnout,Severe,"Rest, work-life balance improvement, therapy, reduce workload, meditation"
27,Male,Working Professional,3.4,3.0,4.8,9.0,0.0,,4.0,8.0,2.0,1.0,1.0,3.0,Burnout,Moderate,"Rest, work-life balance improvement, therapy, reduce workload, meditation"
27,Non-binary,Both (Part-time work + Study),7.1,7.0,2.0,5.0,4.0,2.0,3.0,1.0,9.0,6.0,7.0,6.0,Normal,Mild,No treatment needed; maintain healthy lifestyle and regular exercise
27,Non-binary,Student,8.1,9.0,1.9,3.0,2.0,1.0,1.0,2.0,8.0,7.0,9.0,7.0,Normal,Mild,No treatment needed; maintain healthy lifestyle and regular exercise
27,Non-binary,Both (Part-time work + Study),6.7,4.0,6.3,5.0,3.0,7.0,7.0,3.0,2.0,5.0,3.0,5.0,Anxiety,Mild,"Cognitive Behavioral Therapy (CBT), mindfulness, reduce caffeine, sleep hygiene"
27,Non-binary,Student,12.0,1.0,6.8,8.0,3.0,6.0,5.0,8.0,3.0,2.0,4.0,1.0,Depression,Moderate,"Psychotherapy, antidepressants (SSRIs), regular exercise, social engagement"
27,Non-binary,Student,8.2,1.0,6.5,9.0,0.0,6.0,5.0,8.0,2.0,1.0,4.0,1.0,Depression,Moderate,"Psychotherapy, antidepressants (SSRIs), regular exercise, social engagement"
27,Non-binary,Student,7.3,3.0,6.3,7.0,1.0,5.0,8.0,8.0,4.0,2.0,4.0,4.0,Depression,Moderate,"Psychotherapy, antidepressants (SSRIs), regular exercise, social engagement"
27,Non-binary,Student,8.4,,6.5,7.0,1.0,7.0,7.0,8.0,3.0,1.0,1.0,,Depression,Moderate,"Psychotherapy, antidepressants (SSRIs), regular exercise, social engagement"
27,Non-binary,Both (Part-time work + Study),8.9,4.0,6.1,7.0,1.0,5.0,6.0,6.0,3.0,,1.0,3.0,Depression,Moderate,"Psychotherapy, antidepressants (SSRIs), regular exercise, social engagement"
27,Non-binary,Both (Part-time work + Study),4.9,5.0,3.0,8.0,0.0,9.0,7.0,7.0,2.0,3.0,3.0,1.0,Burnout,Moderate,"Rest, work-life balance improvement, therapy, reduce workload, meditation"
27,Non-binary,Student,3.8,4.0,3.2,7.0,2.0,8.0,5.0,6.0,2.0,1.0,3.0,2.0,Burnout,Moderate,"Rest, work-life balance improvement, therapy, reduce workload, meditation"
27,Non-binary,Student,3.1,5.0,2.7,8.0,1.0,9.0,8.0,7.0,1.0,6.0,3.0,3.0,Burnout,Severe,"Rest, work-life balance improvement, therapy, reduce workload, meditation"
27,Non-binary,Both (Part-time work + Study),4.8,2.0,6.4,9.0,1.0,8.0,4.0,9.0,1.0,1.0,3.0,5.0,Burnout,Moderate,"Rest, work-life balance improvement, therapy, reduce workload, meditation"
28,Female,Working Professional,7.0,7.0,2.2,4.0,3.0,2.0,2.0,1.0,,7.0,7.0,8.0,Normal,Mild,No treatment needed; maintain healthy lifestyle and regular exercise
28,Female,Student,7.2,9.0,0.9,4.0,4.0,2.0,2.0,1.0,8.0,7.0,7.0,9.0,Normal,Mild,No treatment needed; maintain healthy lifestyle and regular exercise
28,Female,Working Professional,8.8,8.0,1.8,5.0,5.0,1.0,2.0,3.0,7.0,9.0,7.0,8.0,Normal,Mild,No treatment needed; maintain healthy lifestyle and regular exercise
28,Female,Both (Part-time work + Study),8.5,7.0,1.9,4.0,2.0,3.0,,2.0,7.0,7.0,8.0,7.0,Normal,Mild,No treatment needed; maintain healthy lifestyle and regular exercise
28,Female,Both (Part-time work + Study),9.7,3.0,3.2,5.0,1.0,6.0,4.0,9.0,1.0,1.0,3.0,2.0,Depression,Moderate,"Psychotherapy, antidepressants (SSRIs), regular exercise, social engagement"
28,Female,Both (Part-time work + Study),4.3,3.0,4.9,,0.0,9.0,7.0,5.0,2.0,1.0,1.0,4.0,Burnout,Moderate,"Rest, work-life balance improvement, therapy, reduce workload, meditation"
28,Female,Working Professional,3.9,5.0,5.4,8.0,1.0,9.0,7.0,4.0,3.0,2.0,2.0,7.0,Burnout,Moderate,"Rest, work-life balance improvement, therapy, reduce workload, meditation"
28,Male,Both (Part-time work + Study),6.8,8.0,2.1,2.0,4.0,3.0,3.0,3.0,6.0,7.0,8.0,8.0,Normal,Mild,No treatment needed; maintain healthy lifestyle and regular exercise
28,Male,Student,7.7,10.0,1.4,3.0,3.0,2.0,1.0,3.0,9.0,7.0,7.0,8.0,Normal,Mild,No treatment needed; maintain healthy lifestyle and regular exercise
28,Male,Both (Part-time work + Study),4.8,4.0,4.3,7.0,2.0,9.0,7.0,6.0,1.0,3.0,3.0,1.0,Burnout,Moderate,"Rest, work-life balance improvement, therapy, reduce workload, meditation"
28,Male,Student,6.3,3.0,3.2,8.0,1.0,8.0,7.0,6.0,1.0,2.0,1.0,4.0,Burnout,Moderate,"Rest, work-life balance improvement, therapy, reduce workload, meditation"
28,Male,Student,6.3,2.0,3.4,8.0,0.0,10.0,5.0,7.0,1.0,,3.0,3.0,Burnout,Moderate,"Rest, work-life balance improvement, therapy, reduce workload, meditation"
28,Non-binary,Student,,8.0,3.5,3.0,3.0,5.0,3.0,1.0,,7.0,7.0,,Normal,Mild,No treatment needed; maintain healthy lifestyle and regular exercise
28,Non-binary,Both (Part-time work + Study),4.9,6.0,3.0,7.0,4.0,5.0,5.0,5.0,4.0,5.0,5.0,5.0,Anxiety,Mild,"Cognitive Behavioral Therapy (CBT), mindfulness, reduce caffeine, sleep hygiene"
28,Non-binary,Both (Part-time work + Study),6.2,5.0,4.7,6.0,1.0,8.0,7.0,1.0,4.0,5.0,4.0,4.0,Anxiety,Mild,"Cognitive Behavioral Therapy (CBT), mindfulness, reduce caffeine, sleep hygiene"
28,Non-binary,Working Professional,6.2,4.0,4.1,7.0,3.0,5.0,4.0,5.0,4.0,5.0,5.0,4.0,Anxiety,Mild,"Cognitive Behavioral Therapy (CBT), mindfulness, reduce caffeine, sleep hygiene"
28,Non-binary,Student,6.0,6.0,4.1,6.0,0.0,7.0,8.0,5.0,6.0,4.0,6.0,3.0,Anxiety,Moderate,"Cognitive Behavioral Therapy (CBT), mindfulness, reduce caffeine, sleep hygiene"
28,Non-binary,Working Professional,6.0,5.0,4.2,3.0,3.0,6.0,5.0,6.0,3.0,6.0,5.0,6.0,Anxiety,Mild,"Cognitive Behavioral Therapy (CBT), mindfulness, reduce caffeine, sleep hygiene"
28,Non-binary,Student,6.0,2.0,3.3,6.0,1.0,5.0,7.0,5.0,3.0,3.0,6.0,,Anxiety,Mild,"Cognitive Behavioral Therapy (CBT), mindfulness, reduce caffeine, sleep hygiene"
28,Non-binary,Working Professional,7.2,,8.8,6.0,2.0,7.0,2.0,7.0,3.0,2.0,3.0,2.0,Depression,Mild,"Psychotherapy, antidepressants (SSRIs), regular exercise, social engagement"
28,Non-binary,Working Professional,4.6,4.0,3.8,8.0,0.0,8.0,7.0,9.0,1.0,3.0,4.0,2.0,Burnout,Severe,"Rest, work-life balance improvement, therapy, reduce workload, meditation"
28,Non-binary,Working Professional,5.5,5.0,4.0,7.0,1.0,9.0,4.0,6.0,1.0,2.0,1.0,,Burnout,Moderate,"Rest, work-life balance improvement, therapy, reduce workload, meditation"
29,Female,Working Professional,10.6,8.0,3.1,5.0,4.0,2.0,3.0,1.0,7.0,7.0,8.0,10.0,Normal,Mild,No treatment needed; maintain healthy lifestyle and regular exercise
29,Female,Student,8.1,7.0,0.0,3.0,4.0,1.0,2.0,1.0,8.0,8.0,,9.0,Normal,Mild,No treatment needed; maintain healthy lifestyle and regular exercise
29,Female,Student,6.1,7.0,3.6,9.0,3.0,6.0,8.0,3.0,2.0,4.0,4.0,3.0,Anxiety,Moderate,"Cognitive Behavioral Therapy (CBT), mindfulness, reduce caffeine, sleep hygiene"
29,Female,Working Professional,7.5,5.0,7.6,6.0,1.0,9.0,4.0,6.0,3.0,6.0,2.0,2.0,Depression,Moderate,"Psychotherapy, antidepressants (SSRIs), regular exercise, social engagement"
29,Female,Working Professional,9.3,2.0,6.4,7.0,0.0,9.0,4.0,6.0,4.0,2.0,5.0,2.0,Depression,Moderate,"Psychotherapy, antidepressants (SSRIs), regular exercise, social engagement"
29,Female,Both (Part-time work + Study),8.0,4.0,5.1,5.0,0.0,4.0,5.0,8.0,3.0,4.0,4.0,2.0,Depression,Mild,"Psychotherapy, antidepressants (SSRIs), regular exercise, social engagement"
29,Female,Student,10.5,4.0,6.0,5.0,0.0,2.0,5.0,7.0,5.0,3.0,2.0,2.0,Depression,Mild,"Psychotherapy, antidepressants (SSRIs), regular exercise, social engagement"
29,Female,Both (Part-time work + Study),5.7,3.0,3.9,9.0,4.0,9.0,5.0,6.0,1.0,,2.0,5.0,Burnout,Moderate,"Rest, work-life balance improvement, therapy, reduce workload, meditation"
29,Female,Student,5.8,,2.9,7.0,0.0,9.0,,6.0,,5.0,3.0,3.0,Burnout,Moderate,"Rest, work-life balance improvement, therapy, reduce workload, meditation"
29,Male,Both (Part-time work + Study),7.3,8.0,1.4,4.0,3.0,4.0,2.0,2.0,7.0,7.0,7.0,8.0,Normal,Mild,No treatment needed; maintain healthy lifestyle and regular exercise
29,Male,Student,6.6,5.0,2.4,7.0,3.0,4.0,2.0,1.0,8.0,7.0,8.0,8.0,Normal,Mild,No treatment needed; maintain healthy lifestyle and regular exercise
29,Male,Both (Part-time work + Study),7.5,6.0,0.9,3.0,3.0,2.0,2.0,2.0,7.0,8.0,8.0,6.0,Normal,Mild,No treatment needed; maintain healthy lifestyle and regular exercise
29,Male,Student,7.3,7.0,1.6,5.0,6.0,5.0,1.0,1.0,8.0,6.0,8.0,7.0,Normal,Mild,No treatment needed; maintain healthy lifestyle and regular exercise
29,Male,Student,9.6,4.0,5.9,4.0,2.0,9.0,2.0,6.0,2.0,1.0,4.0,,Depression,Mild,"Psychotherapy, antidepressants (SSRIs), regular exercise, social engagement"
29,Male,Both (Part-time work + Study),8.7,6.0,7.0,,0.0,6.0,2.0,7.0,2.0,3.0,4.0,3.0,Depression,Mild,"Psychotherapy, antidepressants (SSRIs), regular exercise, social engagement"
29,Male,Both (Part-time work + Study),,3.0,1.7,9.0,,9.0,7.0,6.0,1.0,3.0,4.0,2.0,Burnout,Moderate,"Rest, work-life balance improvement, therapy, reduce workload, meditation"
29,Male,Student,6.5,,2.4,8.0,1.0,6.0,6.0,4.0,1.0,2.0,,3.0,Burnout,Moderate,"Rest, work-life balance improvement, therapy, reduce workload, meditation"
29,Non-binary,Student,5.4,2.0,4.9,9.0,3.0,6.0,8.0,4.0,1.0,3.0,7.0,4.0,Anxiety,Moderate,"Cognitive Behavioral Therapy (CBT), mindfulness, reduce caffeine, sleep hygiene"
29,Non-binary,Both (Part-time work + Study),10.2,3.0,7.3,4.0,2.0,7.0,4.0,7.0,4.0,2.0,2.0,2.0,Depression,Mild,"Psychotherapy, antidepressants (SSRIs), regular exercise, social engagement"
30,Female,Student,,7.0,2.7,4.0,,3.0,3.0,1.0,8.0,7.0,7.0,9.0,Normal,Mild,No treatment needed; maintain healthy lifestyle and regular exercise
30,Female,Working Professional,,8.0,1.6,4.0,5.0,4.0,2.0,3.0,9.0,9.0,8.0,7.0,Normal,Mild,No treatment needed; maintain healthy lifestyle and regular exercise
30,Female,Both (Part-time work + Study),5.3,7.0,2.8,6.0,0.0,7.0,8.0,4.0,1.0,5.0,5.0,5.0,Anxiety,Moderate,"Cognitive Behavioral Therapy (CBT), mindfulness, reduce caffeine, sleep hygiene"
30,Female,Working Professional,4.8,5.0,7.9,6.0,0.0,9.0,9.0,5.0,5.0,7.0,3.0,4.0,Anxiety,Moderate,"Cognitive Behavioral Therapy (CBT), mindfulness, reduce caffeine, sleep hygiene"
30,Female,Student,4.8,3.0,3.5,10.0,0.0,7.0,8.0,6.0,2.0,5.0,2.0,4.0,Burnout,Moderate,"Rest, work-life balance improvement, therapy, reduce workload, meditation"
30,Female,Student,5.1,4.0,5.4,10.0,0.0,8.0,5.0,8.0,3.0,2.0,2.0,6.0,Burnout,Moderate,"Rest, work-life balance improvement, therapy, reduce workload, meditation"
30,Female,Student,5.1,3.0,5.9,7.0,0.0,10.0,5.0,4.0,2.0,1.0,2.0,7.0,Burnout,Moderate,"Rest, work-life balance improvement, therapy, reduce workload, meditation"
30,Male,Both (Part-time work + Study),7.8,7.0,1.9,4.0,3.0,,5.0,1.0,6.0,7.0,10.0,7.0,Normal,Mild,No treatment needed; maintain healthy lifestyle and regular exercise
30,Male,Working Professional,5.8,5.0,5.0,9.0,0.0,8.0,6.0,6.0,1.0,1.0,1.0,2.0,Burnout,Moderate,"Rest, work-life balance improvement, therapy, reduce workload, meditation"
30,Male,Student,5.3,2.0,3.1,9.0,0.0,9.0,,8.0,4.0,1.0,3.0,2.0,Burnout,Moderate,"Rest, work-life balance improvement, therapy, reduce workload, meditation"
30,Non-binary,Both (Part-time work + Study),7.2,8.0,2.0,4.0,2.0,3.0,2.0,4.0,8.0,10.0,7.0,8.0,Normal,Mild,No treatment needed; maintain healthy lifestyle and regular exercise
30,Non-binary,Working Professional,7.5,8.0,1.9,4.0,1.0,4.0,2.0,3.0,5.0,10.0,7.0,9.0,Normal,Mild,No treatment needed; maintain healthy lifestyle and regular exercise
30,Non-binary,Working Professional,4.8,4.0,4.0,9.0,,9.0,,5.0,4.0,5.0,2.0,4.0,Anxiety,Moderate,"Cognitive Behavioral Therapy (CBT), mindfulness, reduce caffeine, sleep hygiene"
30,Non-binary,Both (Part-time work + Study),7.8,3.0,4.8,4.0,3.0,8.0,7.0,6.0,3.0,1.0,2.0,1.0,Depression,Moderate,"Psychotherapy, antidepressants (SSRIs), regular exercise, social engagement"
30,Non-binary,Both (Part-time work + Study),8.2,6.0,6.6,6.0,0.0,,5.0,4.0,4.0,2.0,8.0,6.0,Depression,Mild,"Psychotherapy, antidepressants (SSRIs), regular exercise, social engagement"
30,Non-binary,Student,10.4,3.0,7.1,10.0,0.0,7.0,3.0,8.0,3.0,3.0,2.0,3.0,Depression,Moderate,"Psychotherapy, antidepressants (SSRIs), regular exercise, social engagement"
30,Non-binary,Both (Part-time work + Study),4.4,7.0,3.9,7.0,0.0,9.0,9.0,6.0,1.0,4.0,1.0,3.0,Burnout,Moderate,"Rest, work-life balance improvement, therapy, reduce workload, meditation"
30,Non-binary,Both (Part-time work + Study),5.6,5.0,3.0,8.0,0.0,9.0,8.0,6.0,2.0,3.0,2.0,3.0,Burnout,Moderate,"Rest, work-life balance improvement, therapy, reduce workload, meditation"
30,Non-binary,Working Professional,6.2,5.0,4.7,8.0,1.0,,5.0,6.0,2.0,4.0,2.0,2.0,Burnout,Moderate,"Rest, work-life balance improvement, therapy, reduce workload, meditation"
30,Non-binary,Both (Part-time work + Study),3.5,5.0,1.8,9.0,0.0,,7.0,7.0,3.0,2.0,3.0,3.0,Burnout,Moderate,"Rest, work-life balance improvement, therapy, reduce workload, meditation"
31,Female,Both (Part-time work + Study),7.2,7.0,1.7,7.0,4.0,3.0,3.0,2.0,7.0,7.0,7.0,7.0,Normal,Mild,No treatment needed; maintain healthy lifestyle and regular exercise
31,Female,Student,7.7,8.0,1.9,2.0,3.0,1.0,1.0,1.0,6.0,8.0,9.0,8.0,Normal,Mild,No treatment needed; maintain healthy lifestyle and regular exercise
31,Female,Working Professional,6.0,4.0,6.0,9.0,1.0,5.0,8.0,4.0,1.0,6.0,4.0,4.0,Anxiety,Moderate,"Cognitive Behavioral Therapy (CBT), mindfulness, reduce caffeine, sleep hygiene"
31,Female,Both (Part-time work + Study),3.5,3.0,5.6,6.0,2.0,,6.0,7.0,2.0,4.0,4.0,1.0,Burnout,Moderate,"Rest, work-life balance improvement, therapy, reduce workload, meditation"
31,Female,Both (Part-time work + Study),3.9,6.0,3.0,8.0,1.0,8.0,4.0,6.0,3.0,2.0,1.0,5.0,Burnout,Moderate,"Rest, work-life balance improvement, therapy, reduce workload, meditation"
31,Female,Student,6.8,2.0,5.8,10.0,0.0,7.0,7.0,6.0,3.0,,1.0,2.0,Burnout,Moderate,"Rest, work-life balance improvement, therapy, reduce workload, meditation"
31,Male,Working Professional,5.0,6.0,5.1,8.0,2.0,5.0,6.0,6.0,3.0,4.0,3.0,5.0,Anxiety,Moderate,"Cognitive Behavioral Therapy (CBT), mindfulness, reduce caffeine, sleep hygiene"
31,Male,Working Professional,8.3,3.0,2.9,7.0,2.0,6.0,9.0,2.0,,4.0,7.0,7.0,Anxiety,Moderate,"Cognitive Behavioral Therapy (CBT), mindfulness, reduce caffeine, sleep hygiene"
31,Male,Working Professional,8.9,2.0,7.7,9.0,1.0,5.0,2.0,8.0,4.0,3.0,,2.0,Depression,Moderate,"Psychotherapy, antidepressants (SSRIs), regular exercise, social engagement"
31,Male,Both (Part-time work + Study),5.8,2.0,2.2,8.0,0.0,7.0,6.0,4.0,1.0,,3.0,3.0,Burnout,Moderate,"Rest, work-life balance improvement, therapy, reduce workload, meditation"
31,Male,Working Professional,4.4,4.0,2.5,7.0,0.0,6.0,6.0,6.0,1.0,4.0,4.0,3.0,Burnout,Moderate,"Rest, work-life balance improvement, therapy, reduce workload, meditation"
31,Non-binary,Student,8.2,9.0,2.0,5.0,3.0,3.0,1.0,2.0,8.0,7.0,10.0,6.0,Normal,Mild,No treatment needed; maintain healthy lifestyle and regular exercise
31,Non-binary,Both (Part-time work + Study),7.8,9.0,2.7,,2.0,2.0,1.0,1.0,8.0,9.0,8.0,6.0,Normal,Mild,No treatment needed; maintain healthy lifestyle and regular exercise
31,Non-binary,Working Professional,6.6,3.0,5.6,5.0,0.0,6.0,8.0,6.0,4.0,6.0,5.0,4.0,Anxiety,Moderate,"Cognitive Behavioral Therapy (CBT), mindfulness, reduce caffeine, sleep hygiene"
31,Non-binary,Both (Part-time work + Study),8.0,2.0,2.2,9.0,2.0,5.0,7.0,1.0,4.0,5.0,6.0,3.0,Anxiety,Mild,"Cognitive Behavioral Therapy (CBT), mindfulness, reduce caffeine, sleep hygiene"
31,Non-binary,Student,9.5,1.0,9.0,7.0,0.0,5.0,5.0,8.0,3.0,3.0,4.0,,Depression,Moderate,"Psychotherapy, antidepressants (SSRIs), regular exercise, social engagement"
31,Non-binary,Student,5.5,3.0,2.9,8.0,0.0,10.0,5.0,5.0,1.0,4.0,3.0,2.0,Burnout,Moderate,"Rest, work-life balance improvement, therapy, reduce workload, meditation"
31,Non-binary,Student,5.5,2.0,3.4,,2.0,8.0,10.0,7.0,1.0,2.0,2.0,1.0,Burnout,Severe,"Rest, work-life balance improvement, therapy, reduce workload, meditation"
31,Non-binary,Student,3.4,4.0,6.9,,2.0,9.0,8.0,5.0,1.0,1.0,4.0,6.0,Burnout,Severe,"Rest, work-life balance improvement, therapy, reduce workload, meditation"
31,Non-binary,Both (Part-time work + Study),5.5,3.0,1.3,9.0,1.0,8.0,5.0,9.0,2.0,2.0,1.0,2.0,Burnout,Moderate,"Rest, work-life balance improvement, therapy, reduce workload, meditation"
32,Female,Both (Part-time work + Study),7.4,7.0,5.2,4.0,2.0,2.0,3.0,2.0,6.0,8.0,7.0,9.0,Normal,Mild,No treatment needed; maintain healthy lifestyle and regular exercise
32,Female,Both (Part-time work + Study),6.2,3.0,5.4,7.0,3.0,9.0,5.0,3.0,2.0,4.0,5.0,6.0,Anxiety,Moderate,"Cognitive Behavioral Therapy (CBT), mindfulness, reduce caffeine, sleep hygiene"
32,Female,Working Professional,7.5,5.0,3.7,9.0,1.0,6.0,7.0,7.0,5.0,5.0,5.0,5.0,Anxiety,Moderate,"Cognitive Behavioral Therapy (CBT), mindfulness, reduce caffeine, sleep hygiene"
32,Female,Student,5.2,,4.1,4.0,2.0,4.0,6.0,2.0,6.0,6.0,5.0,6.0,Anxiety,Mild,"Cognitive Behavioral Therapy (CBT), mindfulness, reduce caffeine, sleep hygiene"
32,Female,Working Professional,11.8,4.0,6.4,6.0,0.0,9.0,4.0,8.0,1.0,1.0,6.0,2.0,Depression,Moderate,"Psychotherapy, antidepressants (SSRIs), regular exercise, social engagement"
32,Female,Working Professional,8.7,3.0,6.8,7.0,1.0,6.0,3.0,5.0,3.0,,4.0,2.0,Depression,Mild,"Psychotherapy, antidepressants (SSRIs), regular exercise, social engagement"
32,Female,Student,4.1,6.0,4.1,,1.0,9.0,7.0,6.0,2.0,2.0,3.0,1.0,Burnout,Moderate,"Rest, work-life balance improvement, therapy, reduce workload, meditation"
32,Female,Working Professional,7.3,2.0,2.8,8.0,1.0,9.0,6.0,5.0,2.0,1.0,3.0,5.0,Burnout,Moderate,"Rest, work-life balance improvement, therapy, reduce workload, meditation"
32,Male,Both (Part-time work + Study),6.9,7.0,1.6,1.0,4.0,3.0,2.0,,6.0,7.0,7.0,7.0,Normal,Mild,No treatment needed; maintain healthy lifestyle and regular exercise
32,Male,Working Professional,7.5,7.0,2.7,4.0,5.0,3.0,3.0,1.0,9.0,8.0,10.0,7.0,Normal,Mild,No treatment needed; maintain healthy lifestyle and regular exercise
32,Male,Both (Part-time work + Study),4.5,6.0,5.6,6.0,4.0,5.0,8.0,6.0,2.0,7.0,4.0,5.0,Anxiety,Moderate,"Cognitive Behavioral Therapy (CBT), mindfulness, reduce caffeine, sleep hygiene"
32,Non-binary,Student,6.9,6.0,3.5,,3.0,4.0,2.0,2.0,10.0,7.0,8.0,8.0,Normal,Mild,No treatment needed; maintain healthy lifestyle and regular exercise
32,Non-binary,Working Professional,4.2,6.0,6.8,4.0,2.0,6.0,6.0,5.0,3.0,3.0,5.0,,Anxiety,Mild,"Cognitive Behavioral Therapy (CBT), mindfulness, reduce caffeine, sleep hygiene"
32,Non-binary,Both (Part-time work + Study),,7.0,7.3,6.0,0.0,5.0,5.0,8.0,2.0,3.0,6.0,4.0,Depression,Moderate,"Psychotherapy, antidepressants (SSRIs), regular exercise, social engagement"
32,Non-binary,Student,8.4,1.0,5.7,7.0,0.0,5.0,5.0,6.0,1.0,2.0,1.0,1.0,Depression,Mild,"Psychotherapy, antidepressants (SSRIs), regular exercise, social engagement"
32,Non-binary,Student,5.1,7.0,6.8,,2.0,10.0,6.0,9.0,3.0,2.0,3.0,1.0,Depression,Moderate,"Psychotherapy, antidepressants (SSRIs), regular exercise, social engagement"
32,Non-binary,Working Professional,4.1,5.0,4.2,9.0,0.0,9.0,10.0,5.0,1.0,3.0,4.0,3.0,Burnout,Severe,"Rest, work-life balance improvement, therapy, reduce workload, meditation"
32,Non-binary,Working Professional,4.5,,6.1,7.0,0.0,8.0,9.0,8.0,1.0,3.0,2.0,4.0,Burnout,Severe,"Rest, work-life balance improvement, therapy, reduce workload, meditation"
33,Female,Both (Part-time work + Study),5.5,3.0,4.2,8.0,2.0,6.0,6.0,4.0,2.0,7.0,4.0,6.0,Anxiety,Moderate,"Cognitive Behavioral Therapy (CBT), mindfulness, reduce caffeine, sleep hygiene"
33,Female,Student,5.4,4.0,4.4,8.0,0.0,7.0,,7.0,1.0,1.0,7.0,2.0,Burnout,Moderate,"Rest, work-life balance improvement, therapy, reduce workload, meditation"
33,Female,Student,6.0,3.0,4.4,8.0,0.0,6.0,6.0,8.0,1.0,3.0,1.0,4.0,Burnout,Moderate,"Rest, work-life balance improvement, therapy, reduce workload, meditation"
33,Male,Student,7.6,8.0,1.6,3.0,4.0,1.0,1.0,3.0,8.0,7.0,8.0,8.0,Normal,Mild,No treatment needed; maintain healthy lifestyle and regular exercise
33,Male,Student,5.3,6.0,7.4,8.0,3.0,8.0,7.0,2.0,3.0,3.0,8.0,4.0,Anxiety,Moderate,"Cognitive Behavioral Therapy (CBT), mindfulness, reduce caffeine, sleep hygiene"
33,Male,Working Professional,6.3,4.0,4.3,7.0,2.0,7.0,7.0,7.0,5.0,5.0,6.0,3.0,Anxiety,Moderate,"Cognitive Behavioral Therapy (CBT), mindfulness, reduce caffeine, sleep hygiene"
33,Male,Both (Part-time work + Study),4.1,6.0,6.3,9.0,1.0,8.0,10.0,4.0,1.0,2.0,6.0,2.0,Anxiety,Moderate,"Cognitive Behavioral Therapy (CBT), mindfulness, reduce caffeine, sleep hygiene"
33,Male,Working Professional,9.4,4.0,,,1.0,5.0,3.0,9.0,5.0,2.0,4.0,1.0,Depression,Mild,"Psychotherapy, antidepressants (SSRIs), regular exercise, social engagement"
33,Male,Student,7.4,6.0,8.5,10.0,0.0,7.0,1.0,8.0,2.0,5.0,2.0,1.0,Depression,Moderate,"Psychotherapy, antidepressants (SSRIs), regular exercise, social engagement"
33,Male,Student,4.8,4.0,3.9,7.0,1.0,10.0,6.0,8.0,1.0,2.0,2.0,5.0,Burnout,Moderate,"Rest, work-life balance improvement, therapy, reduce workload, meditation"
33,Non-binary,Student,7.1,9.0,4.3,3.0,3.0,5.0,4.0,1.0,7.0,7.0,6.0,7.0,Normal,Mild,No treatment needed; maintain healthy lifestyle and regular exercise
33,Non-binary,Student,3.9,6.0,6.2,5.0,2.0,9.0,5.0,3.0,5.0,5.0,5.0,5.0,Anxiety,Mild,"Cognitive Behavioral Therapy (CBT), mindfulness, reduce caffeine, sleep hygiene"
33,Non-binary,Working Professional,9.4,2.0,4.5,4.0,1.0,6.0,5.0,3.0,,1.0,3.0,2.0,Depression,Mild,"Psychotherapy, antidepressants (SSRIs), regular exercise, social engagement"
33,Non-binary,Working Professional,10.8,6.0,7.3,7.0,0.0,5.0,6.0,8.0,3.0,3.0,4.0,4.0,Depression,Moderate,"Psychotherapy, antidepressants (SSRIs), regular exercise, social engagement"
33,Non-binary,Student,3.2,,,8.0,1.0,9.0,8.0,7.0,1.0,2.0,,4.0,Burnout,Severe,"Rest, work-life balance improvement, therapy, reduce workload, meditation"
34,Female,Student,7.8,,5.8,6.0,2.0,8.0,3.0,10.0,3.0,4.0,6.0,1.0,Depression,Moderate,"Psychotherapy, antidepressants (SSRIs), regular exercise, social engagement"
34,Female,Student,10.1,2.0,5.6,7.0,1.0,4.0,5.0,5.0,3.0,5.0,2.0,1.0,Depression,Mild,"Psychotherapy, antidepressants (SSRIs), regular exercise, social engagement"
34,Female,Both (Part-time work + Study),9.9,3.0,6.5,7.0,1.0,5.0,6.0,7.0,3.0,3.0,3.0,,Depression,Moderate,"Psychotherapy, antidepressants (SSRIs), regular exercise, social engagement"
34,Female,Both (Part-time work + Study),7.0,1.0,5.1,7.0,0.0,6.0,5.0,5.0,3.0,3.0,3.0,4.0,Depression,Mild,"Psychotherapy, antidepressants (SSRIs), regular exercise, social engagement"
34,Female,Student,12.0,3.0,4.6,6.0,0.0,9.0,4.0,7.0,2.0,4.0,3.0,2.0,Depression,Moderate,"Psychotherapy, antidepressants (SSRIs), regular exercise, social engagement"
34,Female,Working Professional,6.1,4.0,4.8,6.0,0.0,8.0,3.0,8.0,2.0,,3.0,1.0,Depression,Moderate,"Psychotherapy, antidepressants (SSRIs), regular exercise, social engagement"
34,Female,Both (Part-time work + Study),5.5,2.0,5.0,8.0,0.0,8.0,6.0,6.0,1.0,4.0,4.0,1.0,Burnout,Moderate,"Rest, work-life balance improvement, therapy, reduce workload, meditation"
34,Male,Both (Part-time work + Study),7.6,10.0,2.4,4.0,3.0,3.0,1.0,,8.0,7.0,6.0,6.0,Normal,Mild,No treatment needed; maintain healthy lifestyle and regular exercise
34,Male,Student,6.2,5.0,4.7,5.0,2.0,7.0,5.0,5.0,3.0,2.0,3.0,4.0,Anxiety,Mild,"Cognitive Behavioral Therapy (CBT), mindfulness, reduce caffeine, sleep hygiene"
34,Male,Both (Part-time work + Study),5.5,5.0,6.4,5.0,2.0,6.0,8.0,1.0,3.0,4.0,5.0,5.0,Anxiety,Mild,"Cognitive Behavioral Therapy (CBT), mindfulness, reduce caffeine, sleep hygiene"
34,Male,Both (Part-time work + Study),6.7,3.0,6.9,5.0,0.0,8.0,5.0,8.0,2.0,3.0,3.0,3.0,Depression,Moderate,"Psychotherapy, antidepressants (SSRIs), regular exercise, social engagement"
34,Male,Both (Part-time work + Study),9.3,3.0,6.9,7.0,1.0,5.0,5.0,9.0,2.0,6.0,3.0,3.0,Depression,Moderate,"Psychotherapy, antidepressants (SSRIs), regular exercise, social engagement"
34,Male,Working Professional,4.8,4.0,2.9,10.0,2.0,8.0,4.0,6.0,2.0,3.0,,5.0,Burnout,Moderate,"Rest, work-life balance improvement, therapy, reduce workload, meditation"
34,Male,Working Professional,6.0,4.0,,7.0,1.0,7.0,5.0,6.0,1.0,2.0,2.0,5.0,Burnout,Moderate,"Rest, work-life balance improvement, therapy, reduce workload, meditation"
34,Non-binary,Both (Part-time work + Study),6.7,4.0,5.6,6.0,0.0,7.0,5.0,6.0,3.0,,5.0,4.0,Anxiety,Moderate,"Cognitive Behavioral Therapy (CBT), mindfulness, reduce caffeine, sleep hygiene"
34,Non-binary,Working Professional,3.6,3.0,4.8,4.0,1.0,9.0,7.0,5.0,,4.0,4.0,4.0,Anxiety,Moderate,"Cognitive Behavioral Therapy (CBT), mindfulness, reduce caffeine, sleep hygiene"
34,Non-binary,Both (Part-time work + Study),9.2,3.0,9.1,4.0,0.0,9.0,3.0,7.0,2.0,4.0,4.0,1.0,Depression,Mild,"Psychotherapy, antidepressants (SSRIs), regular exercise, social engagement"
34,Non-binary,Both (Part-time work + Study),8.2,3.0,9.3,3.0,0.0,8.0,3.0,7.0,1.0,2.0,6.0,4.0,Depression,Mild,"Psychotherapy, antidepressants (SSRIs), regular exercise, social engagement"
34,Non-binary,Both (Part-time work + Study),7.2,2.0,1.2,8.0,1.0,9.0,6.0,6.0,2.0,4.0,1.0,3.0,Burnout,Moderate,"Rest, work-life balance improvement, therapy, reduce workload, meditation"
34,Non-binary,Working Professional,4.9,6.0,1.4,9.0,0.0,6.0,7.0,7.0,1.0,2.0,7.0,3.0,Burnout,Moderate,"Rest, work-life balance improvement, therapy, reduce workload, meditation"
34,Non-binary,Working Professional,4.2,4.0,3.6,8.0,2.0,10.0,7.0,3.0,1.0,7.0,2.0,5.0,Burnout,Moderate,"Rest, work-life balance improvement, therapy, reduce workload, meditation"
34,Non-binary,Student,6.0,3.0,4.9,8.0,,8.0,10.0,7.0,1.0,5.0,3.0,5.0,Burnout,Severe,"Rest, work-life balance improvement, therapy, reduce workload, meditation"
34,Non-binary,Student,3.9,1.0,,9.0,0.0,9.0,8.0,8.0,3.0,6.0,2.0,4.0,Burnout,Severe,"Rest, work-life balance improvement, therapy, reduce workload, meditation"
35,Female,Student,7.5,4.0,4.7,6.0,,4.0,4.0,7.0,2.0,1.0,,3.0,Depression,Mild,"Psychotherapy, antidepressants (SSRIs), regular exercise, social engagement"
35,Female,Both (Part-time work + Study),6.2,4.0,6.8,8.0,0.0,7.0,2.0,4.0,4.0,,5.0,1.0,Depression,Mild,"Psychotherapy, antidepressants (SSRIs), regular exercise, social engagement"
35,Female,Working Professional,5.3,5.0,1.7,9.0,1.0,7.0,4.0,,1.0,4.0,2.0,2.0,Burnout,Moderate,"Rest, work-life balance improvement, therapy, reduce workload, meditation"
35,Male,Student,7.4,9.0,2.4,3.0,4.0,5.0,1.0,4.0,5.0,8.0,8.0,7.0,Normal,Mild,No treatment needed; maintain healthy lifestyle and regular exercise
35,Male,Both (Part-time work + Study),6.9,2.0,1.7,4.0,1.0,7.0,4.0,7.0,1.0,3.0,5.0,1.0,Depression,Mild,"Psychotherapy, antidepressants (SSRIs), regular exercise, social engagement"
35,Male,Student,4.0,4.0,2.0,9.0,0.0,9.0,8.0,5.0,1.0,3.0,6.0,3.0,Burnout,Moderate,"Rest, work-life balance improvement, therapy, reduce workload, meditation"
35,Non-binary,Student,7.0,2.0,4.6,7.0,1.0,7.0,6.0,6.0,3.0,2.0,5.0,2.0,Depression,Moderate,"Psychotherapy, antidepressants (SSRIs), regular exercise, social engagement"
35,Non-binary,Student,5.4,7.0,,9.0,0.0,8.0,6.0,7.0,4.0,2.0,1.0,4.0,Burnout,Moderate,"Rest, work-life balance improvement, therapy, reduce workload, meditation"
35,Non-binary,Student,4.3,3.0,5.8,9.0,0.0,8.0,6.0,5.0,1.0,4.0,2.0,1.0,Burnout,Moderate,"Rest, work-life balance improvement, therapy, reduce workload, meditation"
36,Female,Student,8.2,7.0,2.0,2.0,3.0,2.0,2.0,1.0,8.0,9.0,,8.0,Normal,Mild,No treatment needed; maintain healthy lifestyle and regular exercise
36,Female,Both (Part-time work + Study),5.2,4.0,5.0,6.0,2.0,4.0,5.0,3.0,5.0,7.0,4.0,4.0,Anxiety,Mild,"Cognitive Behavioral Therapy (CBT), mindfulness, reduce caffeine, sleep hygiene"
36,Male,Student,6.3,1.0,4.0,10.0,0.0,9.0,7.0,7.0,1.0,,1.0,5.0,Burnout,Severe,"Rest, work-life balance improvement, therapy, reduce workload, meditation"
36,Male,Student,5.0,4.0,,7.0,1.0,8.0,7.0,6.0,2.0,1.0,5.0,3.0,Burnout,Moderate,"Rest, work-life balance improvement, therapy, reduce workload, meditation"
36,Male,Student,5.0,1.0,4.7,9.0,0.0,10.0,4.0,4.0,2.0,3.0,1.0,5.0,Burnout,Moderate,"Rest, work-life balance improvement, therapy, reduce workload, meditation"
36,Non-binary,Student,9.7,2.0,6.3,7.0,2.0,8.0,6.0,8.0,,4.0,,2.0,Depression,Moderate,"Psychotherapy, antidepressants (SSRIs), regular exercise, social engagement"
36,Non-binary,Student,4.9,2.0,5.1,9.0,1.0,8.0,6.0,4.0,2.0,3.0,1.0,3.0,Burnout,Moderate,"Rest, work-life balance improvement, therapy, reduce workload, meditation"
36,Non-binary,Working Professional,5.3,5.0,1.2,9.0,0.0,8.0,7.0,7.0,1.0,3.0,1.0,5.0,Burnout,Moderate,"Rest, work-life balance improvement, therapy, reduce workload, meditation"
37,Female,Working Professional,7.6,9.0,,7.0,6.0,2.0,3.0,2.0,9.0,7.0,8.0,9.0,Normal,Mild,No treatment needed; maintain healthy lifestyle and regular exercise
37,Female,Student,7.1,7.0,1.9,,5.0,1.0,4.0,1.0,7.0,6.0,,8.0,Normal,Mild,No treatment needed; maintain healthy lifestyle and regular exercise
37,Female,Both (Part-time work + Study),6.2,2.0,5.7,4.0,3.0,6.0,6.0,6.0,2.0,2.0,4.0,6.0,Anxiety,Mild,"Cognitive Behavioral Therapy (CBT), mindfulness, reduce caffeine, sleep hygiene"
37,Female,Student,5.4,1.0,3.7,10.0,0.0,9.0,,5.0,1.0,3.0,2.0,3.0,Burnout,Moderate,"Rest, work-life balance improvement, therapy, reduce workload, meditation"
37,Male,Both (Part-time work + Study),8.3,2.0,4.9,3.0,1.0,4.0,3.0,4.0,2.0,2.0,3.0,,Depression,Mild,"Psychotherapy, antidepressants (SSRIs), regular exercise, social engagement"
37,Male,Both (Part-time work + Study),8.1,2.0,5.7,4.0,0.0,7.0,5.0,6.0,2.0,,4.0,6.0,Depression,Mild,"Psychotherapy, antidepressants (SSRIs), regular exercise, social engagement"
37,Male,Both (Part-time work + Study),4.9,5.0,4.0,8.0,2.0,8.0,4.0,6.0,2.0,5.0,3.0,5.0,Burnout,Moderate,"Rest, work-life balance improvement, therapy, reduce workload, meditation"
37,Non-binary,Both (Part-time work + Study),,6.0,1.8,2.0,1.0,4.0,4.0,1.0,8.0,7.0,7.0,7.0,Normal,Mild,No treatment needed; maintain healthy lifestyle and regular exercise
37,Non-binary,Student,9.9,2.0,3.7,5.0,0.0,7.0,4.0,4.0,2.0,2.0,4.0,1.0,Depression,Mild,"Psychotherapy, antidepressants (SSRIs), regular exercise, social engagement"
37,Non-binary,Working Professional,9.6,1.0,5.2,6.0,1.0,5.0,1.0,8.0,1.0,1.0,1.0,,Depression,Mild,"Psychotherapy, antidepressants (SSRIs), regular exercise, social engagement"
37,Non-binary,Working Professional,3.7,2.0,4.1,10.0,1.0,9.0,7.0,7.0,2.0,1.0,3.0,2.0,Burnout,Severe,"Rest, work-life balance improvement, therapy, reduce workload, meditation"
37,Non-binary,Both (Part-time work + Study),5.5,4.0,2.1,8.0,1.0,9.0,7.0,9.0,3.0,,2.0,1.0,Burnout,Severe,"Rest, work-life balance improvement, therapy, reduce workload, meditation"
37,Non-binary,Working Professional,5.3,4.0,7.7,8.0,0.0,9.0,8.0,4.0,1.0,2.0,1.0,,Burnout,Moderate,"Rest, work-life balance improvement, therapy, reduce workload, meditation"
37,Non-binary,Both (Part-time work + Study),4.0,5.0,3.9,,0.0,10.0,5.0,7.0,3.0,4.0,6.0,3.0,Burnout,Moderate,"Rest, work-life balance improvement, therapy, reduce workload, meditation"
38,Female,Student,6.5,7.0,1.3,5.0,3.0,4.0,1.0,2.0,,10.0,6.0,8.0,Normal,Mild,No treatment needed; maintain healthy lifestyle and regular exercise
38,Female,Student,8.8,7.0,2.6,6.0,3.0,,1.0,1.0,7.0,6.0,8.0,7.0,Normal,Mild,No treatment needed; maintain healthy lifestyle and regular exercise
38,Female,Both (Part-time work + Study),4.2,5.0,,6.0,2.0,5.0,7.0,4.0,5.0,6.0,8.0,5.0,Anxiety,Mild,"Cognitive Behavioral Therapy (CBT), mindfulness, reduce caffeine, sleep hygiene"
38,Female,Both (Part-time work + Study),4.4,1.0,4.6,8.0,4.0,5.0,7.0,,3.0,8.0,2.0,5.0,Anxiety,Moderate,"Cognitive Behavioral Therapy (CBT), mindfulness, reduce caffeine, sleep hygiene"
38,Female,Student,9.2,4.0,6.8,4.0,1.0,3.0,6.0,5.0,,2.0,3.0,2.0,Depression,Mild,"Psychotherapy, antidepressants (SSRIs), regular exercise, social engagement"
38,Female,Working Professional,10.6,5.0,5.5,5.0,1.0,8.0,4.0,9.0,5.0,1.0,2.0,2.0,Depression,Moderate,"Psychotherapy, antidepressants (SSRIs), regular exercise, social engagement"
38,Female,Student,3.5,4.0,2.7,8.0,0.0,9.0,5.0,7.0,1.0,2.0,3.0,2.0,Burnout,Moderate,"Rest, work-life balance improvement, therapy, reduce workload, meditation"
38,Male,Both (Part-time work + Study),7.7,7.0,1.5,3.0,4.0,3.0,1.0,1.0,10.0,9.0,8.0,8.0,Normal,Mild,No treatment needed; maintain healthy lifestyle and regular exercise
38,Male,Working Professional,7.1,9.0,2.0,3.0,5.0,3.0,1.0,4.0,9.0,7.0,8.0,8.0,Normal,Mild,No treatment needed; maintain healthy lifestyle and regular exercise
38,Male,Working Professional,10.0,6.0,4.7,5.0,1.0,7.0,4.0,6.0,4.0,4.0,2.0,5.0,Depression,Mild,"Psychotherapy, antidepressants (SSRIs), regular exercise, social engagement"
38,Male,Working Professional,10.7,1.0,7.1,5.0,0.0,7.0,6.0,8.0,,4.0,3.0,3.0,Depression,Moderate,"Psychotherapy, antidepressants (SSRIs), regular exercise, social engagement"
38,Male,Both (Part-time work + Study),4.3,4.0,5.4,8.0,0.0,8.0,8.0,7.0,1.0,3.0,2.0,1.0,Burnout,Moderate,"Rest, work-life balance improvement, therapy, reduce workload, meditation"
38,Non-binary,Student,7.2,8.0,2.9,1.0,1.0,1.0,3.0,1.0,10.0,7.0,8.0,9.0,Normal,Mild,No treatment needed; maintain healthy lifestyle and regular exercise
38,Non-binary,Working Professional,7.7,6.0,3.4,6.0,1.0,5.0,5.0,9.0,1.0,3.0,1.0,1.0,Depression,Moderate,"Psychotherapy, antidepressants (SSRIs), regular exercise, social engagement"
39,Female,Student,8.4,5.0,6.9,9.0,0.0,8.0,6.0,6.0,4.0,3.0,3.0,1.0,Depression,Moderate,"Psychotherapy, antidepressants (SSRIs), regular exercise, social engagement"
39,Female,Working Professional,9.8,5.0,6.8,5.0,1.0,4.0,6.0,6.0,3.0,1.0,4.0,2.0,Depression,Mild,"Psychotherapy, antidepressants (SSRIs), regular exercise, social engagement"
39,Male,Student,8.4,7.0,0.9,7.0,4.0,3.0,1.0,2.0,7.0,7.0,7.0,7.0,Normal,Mild,No treatment needed; maintain healthy lifestyle and regular exercise
39,Non-binary,Student,7.9,,2.7,2.0,5.0,,1.0,3.0,8.0,8.0,9.0,7.0,Normal,Mild,No treatment needed; maintain healthy lifestyle and regular exercise
39,Non-binary,Working Professional,7.0,9.0,2.7,3.0,4.0,4.0,2.0,1.0,7.0,7.0,7.0,8.0,Normal,Mild,No treatment needed; maintain healthy lifestyle and regular exercise
39,Non-binary,Both (Part-time work + Study),6.3,5.0,2.3,6.0,1.0,6.0,6.0,4.0,1.0,6.0,3.0,5.0,Anxiety,Mild,"Cognitive Behavioral Therapy (CBT), mindfulness, reduce caffeine, sleep hygiene"
39,Non-binary,Both (Part-time work + Study),5.5,2.0,2.8,,0.0,,7.0,8.0,1.0,4.0,6.0,2.0,Burnout,Severe,"Rest, work-life balance improvement, therapy, reduce workload, meditation"
39,Non-binary,Student,5.4,3.0,5.5,9.0,1.0,6.0,7.0,6.0,3.0,3.0,3.0,4.0,Burnout,Moderate,"Rest, work-life balance improvement, therapy, reduce workload, meditation"
40,Female,Both (Part-time work + Study),7.4,5.0,7.4,,0.0,7.0,,8.0,2.0,1.0,1.0,3.0,Depression,Mild,"Psychotherapy, antidepressants (SSRIs), regular exercise, social engagement"
40,Female,Student,10.3,5.0,4.6,,0.0,5.0,5.0,7.0,3.0,1.0,6.0,1.0,Depression,Mild,"Psychotherapy, antidepressants (SSRIs), regular exercise, social engagement"
40,Female,Both (Part-time work + Study),5.2,3.0,4.8,8.0,2.0,10.0,6.0,6.0,1.0,1.0,1.0,4.0,Burnout,Moderate,"Rest, work-life balance improvement, therapy, reduce workload, meditation"
40,Non-binary,Both (Part-time work + Study),8.3,5.0,5.9,,1.0,7.0,5.0,8.0,2.0,6.0,5.0,4.0,Depression,Moderate,"Psychotherapy, antidepressants (SSRIs), regular exercise, social engagement"
40,Non-binary,Both (Part-time work + Study),5.9,4.0,5.1,10.0,3.0,8.0,9.0,7.0,2.0,1.0,2.0,2.0,Burnout,Severe,"Rest, work-life balance improvement, therapy, reduce workload, meditation"
41,Female,Both (Part-time work + Study),9.1,9.0,3.0,4.0,5.0,2.0,1.0,1.0,7.0,7.0,8.0,8.0,Normal,Mild,No treatment needed; maintain healthy lifestyle and regular exercise
41,Female,Student,9.7,5.0,5.6,7.0,1.0,5.0,5.0,6.0,2.0,3.0,4.0,1.0,Depression,Mild,"Psychotherapy, antidepressants (SSRIs), regular exercise, social engagement"
41,Male,Working Professional,5.3,2.0,0.3,9.0,0.0,9.0,5.0,6.0,2.0,3.0,1.0,5.0,Burnout,Moderate,"Rest, work-life balance improvement, therapy, reduce workload, meditation"
41,Non-binary,Both (Part-time work + Study),8.9,1.0,7.3,5.0,1.0,7.0,2.0,8.0,,3.0,3.0,4.0,Depression,Mild,"Psychotherapy, antidepressants (SSRIs), regular exercise, social engagement"
41,Non-binary,Both (Part-time work + Study),3.5,3.0,4.5,7.0,0.0,6.0,8.0,6.0,4.0,1.0,1.0,3.0,Burnout,Moderate,"Rest, work-life balance improvement, therapy, reduce workload, meditation"
42,Male,Working Professional,4.2,7.0,,7.0,4.0,,7.0,4.0,5.0,6.0,4.0,3.0,Anxiety,Moderate,"Cognitive Behavioral Therapy (CBT), mindfulness, reduce caffeine, sleep hygiene"
42,Male,Both (Part-time work + Study),8.1,2.0,5.7,9.0,0.0,5.0,7.0,10.0,2.0,1.0,7.0,5.0,Depression,Moderate,"Psychotherapy, antidepressants (SSRIs), regular exercise, social engagement"
42,Male,Student,3.5,2.0,2.4,8.0,1.0,9.0,10.0,3.0,2.0,2.0,2.0,3.0,Burnout,Moderate,"Rest, work-life balance improvement, therapy, reduce workload, meditation"
42,Non-binary,Both (Part-time work + Study),,5.0,2.2,3.0,5.0,1.0,1.0,2.0,8.0,6.0,7.0,7.0,Normal,Mild,No treatment needed; maintain healthy lifestyle and regular exercise
42,Non-binary,Student,11.0,2.0,5.6,5.0,1.0,8.0,3.0,,1.0,5.0,,3.0,Depression,Moderate,"Psychotherapy, antidepressants (SSRIs), regular exercise, social engagement"
42,Non-binary,Student,7.7,4.0,7.0,3.0,1.0,5.0,6.0,6.0,4.0,4.0,5.0,3.0,Depression,Mild,"Psychotherapy, antidepressants (SSRIs), regular exercise, social engagement"
42,Non-binary,Both (Part-time work + Study),5.8,4.0,4.2,7.0,0.0,9.0,5.0,3.0,1.0,2.0,3.0,5.0,Burnout,Moderate,"Rest, work-life balance improvement, therapy, reduce workload, meditation"
43,Male,Both (Part-time work + Study),6.1,5.0,5.7,7.0,1.0,8.0,4.0,6.0,5.0,2.0,4.0,4.0,Depression,Moderate,"Psychotherapy, antidepressants (SSRIs), regular exercise, social engagement"
43,Non-binary,Working Professional,8.3,7.0,,,1.0,1.0,3.0,5.0,9.0,8.0,8.0,,Normal,Moderate,No treatment needed; maintain healthy lifestyle and regular exercise
43,Non-binary,Working Professional,5.6,3.0,2.9,8.0,1.0,8.0,6.0,7.0,1.0,2.0,1.0,5.0,Burnout,Moderate,"Rest, work-life balance improvement, therapy, reduce workload, meditation"
44,Male,Both (Part-time work + Study),5.4,1.0,3.3,9.0,2.0,7.0,8.0,9.0,1.0,2.0,1.0,3.0,Burnout,Severe,"Rest, work-life balance improvement, therapy, reduce workload, meditation"
45,Female,Student,10.5,3.0,6.0,5.0,,,4.0,4.0,3.0,2.0,1.0,3.0,Depression,Mild,"Psychotherapy, antidepressants (SSRIs), regular exercise, social engagement"
46,Non-binary,Working Professional,9.4,3.0,6.5,5.0,0.0,8.0,5.0,8.0,1.0,4.0,4.0,2.0,Depression,Moderate,"Psychotherapy, antidepressants (SSRIs), regular exercise, social engagement"
47,Female,Student,9.9,3.0,5.1,5.0,0.0,8.0,5.0,6.0,5.0,3.0,5.0,2.0,Depression,Moderate,"Psychotherapy, antidepressants (SSRIs), regular exercise, social engagement"
47,Non-binary,Both (Part-time work + Study),10.8,4.0,7.5,7.0,0.0,,5.0,9.0,3.0,1.0,2.0,2.0,Depression,Moderate,"Psychotherapy, antidepressants (SSRIs), regular exercise, social engagement"
49,Female,Both (Part-time work + Study),7.9,3.0,5.9,6.0,1.0,8.0,1.0,4.0,2.0,4.0,,1.0,Depression,Mild,"Psychotherapy, antidepressants (SSRIs), regular exercise, social engagement"
51,Female,Working Professional,5.7,,5.1,8.0,3.0,9.0,6.0,5.0,3.0,4.0,2.0,4.0,Burnout,Moderate,"Rest, work-life balance improvement, therapy, reduce workload, meditation"
52,Male,Working Professional,8.5,5.0,5.0,2.0,0.0,6.0,4.0,7.0,3.0,2.0,2.0,3.0,Depression,Mild,"Psychotherapy, antidepressants (SSRIs), regular exercise, social engagement"
